Year,Country of residence,Origin,Refugees,Total Population
2000,Canada,Afghanistan,9115.0,9423
2000,Canada,Albania,625.0,1220
2000,Canada,Algeria,2600.0,2948
2000,Canada,Angola,140.0,729
2000,Canada,Antigua and Barbuda,,6
2000,Canada,Argentina,87.0,1424
2000,Canada,Armenia,94.0,147
2000,Canada,Austria,19.0,19
2000,Canada,Azerbaijan,102.0,297
2000,Canada,Bahamas,,2
2000,Canada,Bahrain,6.0,8
2000,Canada,Bangladesh,2007.0,2404
2000,Canada,Barbados,5.0,13
2000,Canada,Belarus,36.0,127
2000,Canada,Belgium,10.0,10
2000,Canada,Belize,,1
2000,Canada,Benin,6.0,11
2000,Canada,Bermuda,1.0,1
2000,Canada,Bhutan,6.0,8
2000,Canada,Bolivia (Plurinational State of),28.0,82
2000,Canada,Bosnia and Herzegovina,15494.0,15531
2000,Canada,Botswana,3.0,4
2000,Canada,Brazil,32.0,87
2000,Canada,Bulgaria,588.0,852
2000,Canada,Burkina Faso,19.0,30
2000,Canada,Burundi,890.0,1026
2000,Canada,Cabo Verde,1.0,1
2000,Canada,Cambodia,64.0,70
2000,Canada,Cameroon,139.0,226
2000,Canada,Central African Rep.,13.0,16
2000,Canada,Chad,295.0,376
2000,Canada,Chile,224.0,309
2000,Canada,China,1903.0,3133
2000,Canada,"China, Hong Kong SAR",10.0,12
2000,Canada,"China, Macao SAR",,1
2000,Canada,Colombia,1077.0,2004
2000,Canada,Comoros,1.0,4
2000,Canada,Congo,1.0,100
2000,Canada,Costa Rica,50.0,261
2000,Canada,Croatia,4426.0,4449
2000,Canada,Cuba,812.0,963
2000,Canada,Cyprus,7.0,10
2000,Canada,Czech Rep.,625.0,672
2000,Canada,Cote d'Ivoire,102.0,162
2000,Canada,Dem. People's Rep. of Korea,,6
2000,Canada,Dem. Rep. of the Congo,3142.0,3935
2000,Canada,Denmark,21.0,24
2000,Canada,Djibouti,238.0,362
2000,Canada,Dominica,1.0,11
2000,Canada,Dominican Rep.,38.0,62
2000,Canada,Ecuador,121.0,211
2000,Canada,Egypt,1043.0,1159
2000,Canada,El Salvador,621.0,892
2000,Canada,Equatorial Guinea,4.0,8
2000,Canada,Eritrea,165.0,278
2000,Canada,Estonia,25.0,45
2000,Canada,Ethiopia,1635.0,1803
2000,Canada,Fiji,13.0,252
2000,Canada,Finland,1.0,2
2000,Canada,France,49.0,61
2000,Canada,Gabon,4.0,12
2000,Canada,Gambia,16.0,19
2000,Canada,Georgia,123.0,231
2000,Canada,Germany,1125.0,1138
2000,Canada,Ghana,303.0,492
2000,Canada,Greece,119.0,131
2000,Canada,Grenada,23.0,112
2000,Canada,Guatemala,710.0,862
2000,Canada,Guinea,227.0,413
2000,Canada,Guinea-Bissau,,4
2000,Canada,Guyana,22.0,158
2000,Canada,Haiti,439.0,710
2000,Canada,Honduras,241.0,384
2000,Canada,Hungary,202.0,2096
2000,Canada,Iceland,4.0,4
2000,Canada,India,3196.0,4511
2000,Canada,Indonesia,89.0,116
2000,Canada,Iran (Islamic Rep. of),6319.0,7113
2000,Canada,Iraq,5798.0,6077
2000,Canada,Ireland,3.0,3
2000,Canada,Israel,264.0,497
2000,Canada,Italy,31.0,45
2000,Canada,Jamaica,22.0,137
2000,Canada,Japan,3.0,4
2000,Canada,Jordan,296.0,345
2000,Canada,Kazakhstan,548.0,694
2000,Canada,Kenya,445.0,585
2000,Canada,Kuwait,125.0,168
2000,Canada,Kyrgyzstan,52.0,136
2000,Canada,Lao People's Dem. Rep.,7.0,9
2000,Canada,Latvia,36.0,57
2000,Canada,Lebanon,548.0,947
2000,Canada,Lesotho,2.0,2
2000,Canada,Liberia,159.0,178
2000,Canada,Libya,106.0,205
2000,Canada,Lithuania,10.0,66
2000,Canada,Madagascar,5.0,9
2000,Canada,Malawi,16.0,16
2000,Canada,Malaysia,35.0,146
2000,Canada,Maldives,2.0,3
2000,Canada,Mali,33.0,70
2000,Canada,Malta,12.0,16
2000,Canada,Mauritania,15.0,38
2000,Canada,Mauritius,,3
2000,Canada,Mexico,811.0,1967
2000,Canada,Mongolia,4.0,25
2000,Canada,Morocco,55.0,94
2000,Canada,Mozambique,3.0,4
2000,Canada,Myanmar,391.0,402
2000,Canada,Namibia,,3
2000,Canada,Nepal,28.0,47
2000,Canada,Netherlands,14.0,22
2000,Canada,Nicaragua,192.0,225
2000,Canada,Niger,9.0,14
2000,Canada,Nigeria,852.0,1647
2000,Canada,Norway,2.0,2
2000,Canada,Oman,3.0,3
2000,Canada,Pakistan,3893.0,6388
2000,Canada,Palestinian,26.0,86
2000,Canada,Panama,21.0,26
2000,Canada,Paraguay,5.0,8
2000,Canada,Peru,778.0,1151
2000,Canada,Philippines,23.0,126
2000,Canada,Poland,155.0,495
2000,Canada,Portugal,7.0,63
2000,Canada,Qatar,,5
2000,Canada,Rep. of Korea,26.0,291
2000,Canada,Rep. of Moldova,234.0,298
2000,Canada,Romania,572.0,983
2000,Canada,Russian Federation,1694.0,2359
2000,Canada,Rwanda,1118.0,1341
2000,Canada,Saint Kitts and Nevis,,1
2000,Canada,Saint Lucia,7.0,28
2000,Canada,Saint Vincent and the Grenadines,48.0,126
2000,Canada,Sao Tome and Principe,2.0,2
2000,Canada,Saudi Arabia,26.0,58
2000,Canada,Senegal,58.0,78
2000,Canada,Serbia and Kosovo (S/RES/1244 (1999)),6632.0,7246
2000,Canada,Sierra Leone,335.0,417
2000,Canada,Singapore,6.0,8
2000,Canada,Slovakia,8.0,60
2000,Canada,Slovenia,69.0,71
2000,Canada,Solomon Islands,,3
2000,Canada,Somalia,5159.0,5714
2000,Canada,South Africa,26.0,62
2000,Canada,Spain,44.0,55
2000,Canada,Sri Lanka,10591.0,12783
2000,Canada,Stateless,627.0,627
2000,Canada,Sudan,2968.0,3300
2000,Canada,Suriname,,1
2000,Canada,Swaziland,16.0,18
2000,Canada,Sweden,17.0,17
2000,Canada,Switzerland,69.0,69
2000,Canada,Syrian Arab Rep.,390.0,488
2000,Canada,Tajikistan,113.0,116
2000,Canada,Thailand,107.0,117
2000,Canada,The former Yugoslav Republic of Macedonia,45.0,71
2000,Canada,Tibetan,4.0,4
2000,Canada,Togo,118.0,147
2000,Canada,Trinidad and Tobago,14.0,76
2000,Canada,Tunisia,68.0,176
2000,Canada,Turkey,765.0,1496
2000,Canada,Turkmenistan,1.0,3
2000,Canada,Uganda,89.0,194
2000,Canada,Ukraine,547.0,1100
2000,Canada,United Arab Emirates,7.0,15
2000,Canada,United Kingdom,32.0,40
2000,Canada,United Rep. of Tanzania,24.0,216
2000,Canada,United States of America,148.0,234
2000,Canada,Uruguay,33.0,174
2000,Canada,Uzbekistan,108.0,151
2000,Canada,Various/Unknown,15452.0,15453
2000,Canada,Venezuela (Bolivarian Republic of),407.0,534
2000,Canada,Viet Nam,155.0,240
2000,Canada,Yemen,168.0,263
2000,Canada,Zambia,50.0,52
2000,Canada,Zimbabwe,7.0,173
2001,Canada,Afghanistan,11371.0,11777
2001,Canada,Albania,998.0,2004
2001,Canada,Algeria,2877.0,3438
2001,Canada,Angola,296.0,1020
2001,Canada,Antigua and Barbuda,4.0,10
2001,Canada,Argentina,144.0,1433
2001,Canada,Armenia,102.0,173
2001,Canada,Australia,,1
2001,Canada,Austria,14.0,17
2001,Canada,Azerbaijan,153.0,362
2001,Canada,Bahrain,6.0,6
2001,Canada,Bangladesh,2185.0,2630
2001,Canada,Barbados,6.0,25
2001,Canada,Belarus,70.0,171
2001,Canada,Belgium,6.0,7
2001,Canada,Belize,,8
2001,Canada,Benin,12.0,23
2001,Canada,Bermuda,1.0,1
2001,Canada,Bhutan,9.0,10
2001,Canada,Bolivia (Plurinational State of),40.0,106
2001,Canada,Bosnia and Herzegovina,11156.0,11206
2001,Canada,Botswana,2.0,4
2001,Canada,Brazil,38.0,236
2001,Canada,Bulgaria,708.0,1039
2001,Canada,Burkina Faso,24.0,45
2001,Canada,Burundi,1159.0,1516
2001,Canada,Cabo Verde,1.0,1
2001,Canada,Cambodia,72.0,106
2001,Canada,Cameroon,205.0,345
2001,Canada,Central African Rep.,11.0,31
2001,Canada,Chad,377.0,533
2001,Canada,Chile,253.0,364
2001,Canada,China,2667.0,4574
2001,Canada,"China, Hong Kong SAR",4.0,11
2001,Canada,Colombia,2339.0,4162
2001,Canada,Comoros,3.0,7
2001,Canada,Congo,48.0,184
2001,Canada,Costa Rica,81.0,728
2001,Canada,Croatia,4150.0,4175
2001,Canada,Cuba,1025.0,1225
2001,Canada,Cyprus,5.0,7
2001,Canada,Czech Rep.,679.0,737
2001,Canada,Cote d'Ivoire,116.0,189
2001,Canada,Dem. People's Rep. of Korea,,1
2001,Canada,Dem. Rep. of the Congo,4033.0,5280
2001,Canada,Denmark,3.0,3
2001,Canada,Djibouti,301.0,449
2001,Canada,Dominica,5.0,28
2001,Canada,Dominican Rep.,40.0,106
2001,Canada,Ecuador,130.0,237
2001,Canada,Egypt,1254.0,1442
2001,Canada,El Salvador,636.0,1209
2001,Canada,Equatorial Guinea,4.0,4
2001,Canada,Eritrea,316.0,504
2001,Canada,Estonia,27.0,57
2001,Canada,Ethiopia,2034.0,2277
2001,Canada,Fiji,33.0,216
2001,Canada,Finland,1.0,3
2001,Canada,France,32.0,51
2001,Canada,Gabon,7.0,36
2001,Canada,Gambia,18.0,30
2001,Canada,Georgia,179.0,302
2001,Canada,Germany,988.0,999
2001,Canada,Ghana,333.0,623
2001,Canada,Greece,93.0,113
2001,Canada,Grenada,53.0,228
2001,Canada,Guatemala,677.0,890
2001,Canada,Guinea,351.0,701
2001,Canada,Guinea-Bissau,1.0,4
2001,Canada,Guyana,36.0,329
2001,Canada,Haiti,511.0,740
2001,Canada,Honduras,270.0,457
2001,Canada,Hungary,406.0,4393
2001,Canada,India,3803.0,5090
2001,Canada,Indonesia,115.0,163
2001,Canada,Iran (Islamic Rep. of),7502.0,8358
2001,Canada,Iraq,6001.0,6437
2001,Canada,Ireland,3.0,4
2001,Canada,Israel,281.0,738
2001,Canada,Italy,24.0,36
2001,Canada,Jamaica,37.0,229
2001,Canada,Japan,3.0,5
2001,Canada,Jordan,156.0,233
2001,Canada,Kazakhstan,598.0,729
2001,Canada,Kenya,398.0,579
2001,Canada,Kuwait,126.0,183
2001,Canada,Kyrgyzstan,75.0,121
2001,Canada,Lao People's Dem. Rep.,2.0,3
2001,Canada,Latvia,42.0,93
2001,Canada,Lebanon,653.0,1213
2001,Canada,Lesotho,,6
2001,Canada,Liberia,187.0,213
2001,Canada,Libya,168.0,281
2001,Canada,Lithuania,17.0,124
2001,Canada,Madagascar,7.0,8
2001,Canada,Malawi,16.0,23
2001,Canada,Malaysia,61.0,227
2001,Canada,Maldives,2.0,3
2001,Canada,Mali,44.0,92
2001,Canada,Malta,7.0,10
2001,Canada,Mauritania,15.0,62
2001,Canada,Mauritius,,10
2001,Canada,Mexico,1108.0,2769
2001,Canada,Mongolia,12.0,34
2001,Canada,Morocco,62.0,118
2001,Canada,Mozambique,3.0,3
2001,Canada,Myanmar,350.0,371
2001,Canada,Namibia,,12
2001,Canada,Nepal,38.0,87
2001,Canada,Netherlands,4.0,8
2001,Canada,New Zealand,,1
2001,Canada,Nicaragua,210.0,274
2001,Canada,Niger,11.0,28
2001,Canada,Nigeria,1043.0,2027
2001,Canada,Norway,2.0,2
2001,Canada,Oman,3.0,4
2001,Canada,Pakistan,5753.0,8728
2001,Canada,Palestinian,41.0,200
2001,Canada,Panama,25.0,53
2001,Canada,Papua New Guinea,,1
2001,Canada,Paraguay,6.0,13
2001,Canada,Peru,993.0,1717
2001,Canada,Philippines,33.0,297
2001,Canada,Poland,217.0,553
2001,Canada,Portugal,7.0,122
2001,Canada,Qatar,,8
2001,Canada,Rep. of Korea,51.0,336
2001,Canada,Rep. of Moldova,252.0,301
2001,Canada,Romania,730.0,1175
2001,Canada,Russian Federation,2196.0,2805
2001,Canada,Rwanda,1322.0,1528
2001,Canada,Saint Kitts and Nevis,,1
2001,Canada,Saint Lucia,9.0,75
2001,Canada,Saint Vincent and the Grenadines,67.0,241
2001,Canada,Sao Tome and Principe,2.0,2
2001,Canada,Saudi Arabia,15.0,75
2001,Canada,Senegal,45.0,62
2001,Canada,Serbia and Kosovo (S/RES/1244 (1999)),7990.0,8413
2001,Canada,Seychelles,,3
2001,Canada,Sierra Leone,677.0,786
2001,Canada,Singapore,9.0,18
2001,Canada,Slovakia,13.0,65
2001,Canada,Slovenia,56.0,73
2001,Canada,Somalia,5754.0,6501
2001,Canada,South Africa,34.0,67
2001,Canada,Spain,14.0,21
2001,Canada,Sri Lanka,13161.0,16203
2001,Canada,Stateless,1624.0,1625
2001,Canada,Sudan,3692.0,4102
2001,Canada,Suriname,,4
2001,Canada,Swaziland,15.0,18
2001,Canada,Sweden,5.0,13
2001,Canada,Switzerland,60.0,60
2001,Canada,Syrian Arab Rep.,427.0,561
2001,Canada,Tajikistan,124.0,134
2001,Canada,Thailand,22.0,29
2001,Canada,The former Yugoslav Republic of Macedonia,59.0,129
2001,Canada,Tibetan,4.0,4
2001,Canada,Togo,169.0,220
2001,Canada,Trinidad and Tobago,16.0,113
2001,Canada,Tunisia,103.0,244
2001,Canada,Turkey,1172.0,2951
2001,Canada,Turkmenistan,7.0,9
2001,Canada,Uganda,103.0,191
2001,Canada,Ukraine,726.0,1272
2001,Canada,United Arab Emirates,7.0,26
2001,Canada,United Kingdom,27.0,30
2001,Canada,United Rep. of Tanzania,58.0,322
2001,Canada,United States of America,191.0,290
2001,Canada,Uruguay,37.0,301
2001,Canada,Uzbekistan,129.0,194
2001,Canada,Various/Unknown,758.0,759
2001,Canada,Venezuela (Bolivarian Republic of),457.0,647
2001,Canada,Viet Nam,116.0,202
2001,Canada,Yemen,207.0,318
2001,Canada,Zambia,42.0,60
2001,Canada,Zimbabwe,17.0,2583
2002,Canada,Afghanistan,12957.0,13262
2002,Canada,Albania,1186.0,2326
2002,Canada,Algeria,2477.0,2782
2002,Canada,Angola,433.0,1022
2002,Canada,Antigua and Barbuda,5.0,41
2002,Canada,Argentina,190.0,1193
2002,Canada,Armenia,76.0,112
2002,Canada,Australia,,3
2002,Canada,Austria,8.0,13
2002,Canada,Azerbaijan,222.0,412
2002,Canada,Bahamas,1.0,1
2002,Canada,Bahrain,6.0,8
2002,Canada,Bangladesh,1612.0,2160
2002,Canada,Barbados,6.0,62
2002,Canada,Belarus,90.0,171
2002,Canada,Belgium,2.0,2
2002,Canada,Belize,,10
2002,Canada,Benin,13.0,28
2002,Canada,Bermuda,1.0,1
2002,Canada,Bhutan,7.0,7
2002,Canada,Bolivia (Plurinational State of),31.0,130
2002,Canada,Bosnia and Herzegovina,7666.0,8198
2002,Canada,Botswana,2.0,12
2002,Canada,Brazil,40.0,610
2002,Canada,Bulgaria,742.0,1141
2002,Canada,Burkina Faso,24.0,79
2002,Canada,Burundi,1274.0,1581
2002,Canada,Cabo Verde,1.0,1
2002,Canada,Cambodia,61.0,110
2002,Canada,Cameroon,230.0,331
2002,Canada,Central African Rep.,15.0,46
2002,Canada,Chad,423.0,557
2002,Canada,Chile,212.0,405
2002,Canada,China,3771.0,6387
2002,Canada,"China, Hong Kong SAR",2.0,4
2002,Canada,Colombia,4051.0,7199
2002,Canada,Comoros,4.0,9
2002,Canada,Congo,86.0,196
2002,Canada,Costa Rica,90.0,1788
2002,Canada,Croatia,3258.0,3293
2002,Canada,Cuba,1020.0,1257
2002,Canada,Cyprus,5.0,6
2002,Canada,Czech Rep.,717.0,777
2002,Canada,Cote d'Ivoire,135.0,217
2002,Canada,Dem. People's Rep. of Korea,,5
2002,Canada,Dem. Rep. of the Congo,4387.0,5509
2002,Canada,Denmark,2.0,8
2002,Canada,Djibouti,312.0,406
2002,Canada,Dominica,6.0,53
2002,Canada,Dominican Rep.,31.0,110
2002,Canada,Ecuador,125.0,354
2002,Canada,Egypt,1287.0,1476
2002,Canada,El Salvador,514.0,1084
2002,Canada,Equatorial Guinea,4.0,5
2002,Canada,Eritrea,411.0,593
2002,Canada,Estonia,11.0,44
2002,Canada,Ethiopia,2244.0,2546
2002,Canada,Fiji,173.0,239
2002,Canada,Finland,,2
2002,Canada,France,23.0,56
2002,Canada,Gabon,6.0,38
2002,Canada,Gambia,18.0,34
2002,Canada,Georgia,198.0,288
2002,Canada,Germany,895.0,926
2002,Canada,Ghana,247.0,588
2002,Canada,Greece,62.0,80
2002,Canada,Grenada,73.0,447
2002,Canada,Guatemala,492.0,777
2002,Canada,Guinea,483.0,723
2002,Canada,Guinea-Bissau,2.0,9
2002,Canada,Guyana,39.0,978
2002,Canada,Haiti,392.0,651
2002,Canada,Honduras,219.0,504
2002,Canada,Hungary,558.0,3496
2002,Canada,India,3807.0,5200
2002,Canada,Indonesia,142.0,206
2002,Canada,Iran (Islamic Rep. of),7228.0,7825
2002,Canada,Iraq,5737.0,6215
2002,Canada,Ireland,2.0,4
2002,Canada,Israel,137.0,865
2002,Canada,Italy,20.0,37
2002,Canada,Jamaica,48.0,442
2002,Canada,Japan,2.0,11
2002,Canada,Jordan,112.0,215
2002,Canada,Kazakhstan,398.0,482
2002,Canada,Kenya,347.0,672
2002,Canada,Kuwait,105.0,132
2002,Canada,Kyrgyzstan,108.0,132
2002,Canada,Lao People's Dem. Rep.,1.0,9
2002,Canada,Latvia,38.0,80
2002,Canada,Lebanon,560.0,1220
2002,Canada,Liberia,188.0,209
2002,Canada,Libya,184.0,262
2002,Canada,Lithuania,20.0,132
2002,Canada,Madagascar,8.0,13
2002,Canada,Malawi,15.0,19
2002,Canada,Malaysia,75.0,425
2002,Canada,Maldives,2.0,2
2002,Canada,Mali,56.0,132
2002,Canada,Malta,7.0,10
2002,Canada,Mauritania,20.0,87
2002,Canada,Mauritius,1.0,9
2002,Canada,Mexico,1162.0,4000
2002,Canada,Mongolia,14.0,40
2002,Canada,Morocco,60.0,121
2002,Canada,Mozambique,3.0,6
2002,Canada,Myanmar,271.0,324
2002,Canada,Namibia,,13
2002,Canada,Nepal,52.0,108
2002,Canada,Netherlands,3.0,10
2002,Canada,New Zealand,,2
2002,Canada,Nicaragua,160.0,280
2002,Canada,Niger,15.0,41
2002,Canada,Nigeria,1056.0,2384
2002,Canada,Oman,3.0,5
2002,Canada,Pakistan,6960.0,11537
2002,Canada,Palestinian,55.0,251
2002,Canada,Panama,15.0,72
2002,Canada,Papua New Guinea,,1
2002,Canada,Paraguay,2.0,30
2002,Canada,Peru,951.0,2293
2002,Canada,Philippines,35.0,681
2002,Canada,Poland,273.0,588
2002,Canada,Portugal,4.0,518
2002,Canada,Qatar,,9
2002,Canada,Rep. of Korea,59.0,447
2002,Canada,Rep. of Moldova,141.0,208
2002,Canada,Romania,695.0,1135
2002,Canada,Russian Federation,1990.0,2504
2002,Canada,Rwanda,1390.0,1579
2002,Canada,Saint Kitts and Nevis,,5
2002,Canada,Saint Lucia,7.0,277
2002,Canada,Saint Vincent and the Grenadines,81.0,591
2002,Canada,Saudi Arabia,22.0,78
2002,Canada,Senegal,42.0,70
2002,Canada,Serbia and Kosovo (S/RES/1244 (1999)),7494.0,7768
2002,Canada,Seychelles,,11
2002,Canada,Sierra Leone,1037.0,1120
2002,Canada,Singapore,8.0,23
2002,Canada,Slovakia,16.0,68
2002,Canada,Slovenia,23.0,39
2002,Canada,Solomon Islands,4.0,4
2002,Canada,Somalia,5545.0,6021
2002,Canada,South Africa,32.0,51
2002,Canada,Spain,8.0,20
2002,Canada,Sri Lanka,12873.0,15233
2002,Canada,Stateless,1568.0,1568
2002,Canada,Sudan,4179.0,4445
2002,Canada,Suriname,1.0,6
2002,Canada,Swaziland,15.0,19
2002,Canada,Sweden,7.0,17
2002,Canada,Switzerland,38.0,42
2002,Canada,Syrian Arab Rep.,432.0,574
2002,Canada,Tajikistan,122.0,131
2002,Canada,Thailand,19.0,28
2002,Canada,The former Yugoslav Republic of Macedonia,82.0,191
2002,Canada,Tibetan,4.0,4
2002,Canada,Togo,173.0,230
2002,Canada,Trinidad and Tobago,17.0,284
2002,Canada,Tunisia,92.0,182
2002,Canada,Turkey,1651.0,3538
2002,Canada,Turkmenistan,7.0,12
2002,Canada,Uganda,114.0,304
2002,Canada,Ukraine,712.0,1282
2002,Canada,United Arab Emirates,2.0,26
2002,Canada,United Kingdom,27.0,45
2002,Canada,United Rep. of Tanzania,126.0,369
2002,Canada,United States of America,176.0,394
2002,Canada,Uruguay,32.0,470
2002,Canada,Uzbekistan,123.0,190
2002,Canada,Various/Unknown,1207.0,1217
2002,Canada,Venezuela (Bolivarian Republic of),307.0,695
2002,Canada,Viet Nam,97.0,201
2002,Canada,Yemen,204.0,341
2002,Canada,Zambia,17.0,40
2002,Canada,Zimbabwe,104.0,769
2003,Canada,Afghanistan,14616.0,14791
2003,Canada,Albania,1226.0,2034
2003,Canada,Algeria,2030.0,2144
2003,Canada,Angola,517.0,795
2003,Canada,Antigua and Barbuda,5.0,27
2003,Canada,Argentina,196.0,551
2003,Canada,Armenia,79.0,111
2003,Canada,Australia,,5
2003,Canada,Austria,4.0,9
2003,Canada,Azerbaijan,258.0,421
2003,Canada,Bahamas,1.0,2
2003,Canada,Bahrain,5.0,5
2003,Canada,Bangladesh,1235.0,1976
2003,Canada,Barbados,8.0,51
2003,Canada,Belarus,127.0,189
2003,Canada,Belgium,3.0,7
2003,Canada,Belize,,6
2003,Canada,Benin,24.0,38
2003,Canada,Bhutan,8.0,8
2003,Canada,Bolivia (Plurinational State of),46.0,136
2003,Canada,Bosnia and Herzegovina,4112.0,4242
2003,Canada,Botswana,2.0,18
2003,Canada,Brazil,36.0,707
2003,Canada,Bulgaria,711.0,971
2003,Canada,Burkina Faso,30.0,52
2003,Canada,Burundi,1524.0,1683
2003,Canada,Cabo Verde,1.0,2
2003,Canada,Cambodia,57.0,86
2003,Canada,Cameroon,247.0,360
2003,Canada,Central African Rep.,17.0,34
2003,Canada,Chad,440.0,506
2003,Canada,Chile,169.0,342
2003,Canada,China,5722.0,7979
2003,Canada,"China, Hong Kong SAR",,8
2003,Canada,Colombia,6689.0,9511
2003,Canada,Comoros,4.0,9
2003,Canada,Congo,154.0,205
2003,Canada,Costa Rica,86.0,1519
2003,Canada,Croatia,2000.0,2036
2003,Canada,Cuba,1005.0,1176
2003,Canada,Cyprus,2.0,6
2003,Canada,Czech Rep.,696.0,743
2003,Canada,Cote d'Ivoire,146.0,223
2003,Canada,Dem. People's Rep. of Korea,3.0,5
2003,Canada,Dem. Rep. of the Congo,4706.0,5235
2003,Canada,Denmark,2.0,3
2003,Canada,Djibouti,318.0,364
2003,Canada,Dominica,17.0,41
2003,Canada,Dominican Rep.,26.0,79
2003,Canada,Ecuador,113.0,348
2003,Canada,Egypt,1291.0,1548
2003,Canada,El Salvador,442.0,857
2003,Canada,Equatorial Guinea,5.0,11
2003,Canada,Eritrea,557.0,705
2003,Canada,Estonia,11.0,31
2003,Canada,Ethiopia,2873.0,3173
2003,Canada,Fiji,313.0,345
2003,Canada,France,29.0,55
2003,Canada,Gabon,8.0,16
2003,Canada,Gambia,18.0,33
2003,Canada,Georgia,219.0,293
2003,Canada,Germany,663.0,687
2003,Canada,Ghana,207.0,443
2003,Canada,Greece,42.0,53
2003,Canada,Grenada,76.0,334
2003,Canada,Guatemala,385.0,661
2003,Canada,Guinea,561.0,685
2003,Canada,Guinea-Bissau,6.0,12
2003,Canada,Guyana,49.0,958
2003,Canada,Haiti,413.0,569
2003,Canada,Honduras,177.0,401
2003,Canada,Hungary,657.0,1489
2003,Canada,India,3514.0,4661
2003,Canada,Indonesia,148.0,372
2003,Canada,Iran (Islamic Rep. of),6794.0,7196
2003,Canada,Iraq,5441.0,5718
2003,Canada,Ireland,,4
2003,Canada,Israel,104.0,723
2003,Canada,Italy,14.0,32
2003,Canada,Jamaica,55.0,371
2003,Canada,Japan,1.0,5
2003,Canada,Jordan,86.0,284
2003,Canada,Kazakhstan,249.0,287
2003,Canada,Kenya,332.0,590
2003,Canada,Kuwait,92.0,108
2003,Canada,Kyrgyzstan,103.0,123
2003,Canada,Lao People's Dem. Rep.,,2
2003,Canada,Latvia,40.0,66
2003,Canada,Lebanon,521.0,1107
2003,Canada,Liberia,268.0,305
2003,Canada,Libya,198.0,253
2003,Canada,Lithuania,25.0,116
2003,Canada,Luxembourg,,1
2003,Canada,Madagascar,4.0,12
2003,Canada,Malawi,16.0,25
2003,Canada,Malaysia,100.0,301
2003,Canada,Mali,65.0,87
2003,Canada,Malta,6.0,6
2003,Canada,Mauritania,30.0,75
2003,Canada,Mauritius,1.0,9
2003,Canada,Mexico,1195.0,4386
2003,Canada,Mongolia,24.0,39
2003,Canada,Morocco,60.0,114
2003,Canada,Mozambique,3.0,7
2003,Canada,Myanmar,440.0,474
2003,Canada,Namibia,,9
2003,Canada,Nepal,83.0,148
2003,Canada,Netherlands,2.0,12
2003,Canada,New Zealand,,4
2003,Canada,Nicaragua,145.0,244
2003,Canada,Niger,18.0,27
2003,Canada,Nigeria,986.0,2044
2003,Canada,Norway,,2
2003,Canada,Oman,1.0,3
2003,Canada,Pakistan,7994.0,12839
2003,Canada,Palestinian,97.0,241
2003,Canada,Panama,8.0,62
2003,Canada,Papua New Guinea,,1
2003,Canada,Paraguay,3.0,25
2003,Canada,Peru,962.0,1909
2003,Canada,Philippines,60.0,788
2003,Canada,Poland,281.0,621
2003,Canada,Portugal,4.0,370
2003,Canada,Qatar,,9
2003,Canada,Rep. of Korea,71.0,513
2003,Canada,Rep. of Moldova,133.0,178
2003,Canada,Romania,715.0,1049
2003,Canada,Russian Federation,1994.0,2354
2003,Canada,Rwanda,1462.0,1556
2003,Canada,Saint Kitts and Nevis,,4
2003,Canada,Saint Lucia,11.0,283
2003,Canada,Saint Vincent and the Grenadines,105.0,524
2003,Canada,Saudi Arabia,25.0,49
2003,Canada,Senegal,46.0,69
2003,Canada,Serbia and Kosovo (S/RES/1244 (1999)),7020.0,7235
2003,Canada,Seychelles,,1
2003,Canada,Sierra Leone,1374.0,1419
2003,Canada,Singapore,8.0,17
2003,Canada,Slovakia,17.0,89
2003,Canada,Slovenia,7.0,17
2003,Canada,Solomon Islands,4.0,8
2003,Canada,Somalia,5080.0,5301
2003,Canada,South Africa,32.0,54
2003,Canada,Spain,6.0,26
2003,Canada,Sri Lanka,12563.0,13807
2003,Canada,Stateless,1654.0,1655
2003,Canada,Sudan,5141.0,5261
2003,Canada,Suriname,2.0,12
2003,Canada,Swaziland,2.0,6
2003,Canada,Sweden,6.0,25
2003,Canada,Switzerland,17.0,17
2003,Canada,Syrian Arab Rep.,424.0,586
2003,Canada,Tajikistan,29.0,35
2003,Canada,Thailand,20.0,35
2003,Canada,The former Yugoslav Republic of Macedonia,85.0,178
2003,Canada,Togo,194.0,222
2003,Canada,Trinidad and Tobago,22.0,264
2003,Canada,Tunisia,97.0,163
2003,Canada,Turkey,2000.0,3071
2003,Canada,Turkmenistan,7.0,10
2003,Canada,Turks and Caicos Islands,,1
2003,Canada,Uganda,153.0,304
2003,Canada,Ukraine,817.0,1238
2003,Canada,United Arab Emirates,2.0,14
2003,Canada,United Kingdom,22.0,35
2003,Canada,United Rep. of Tanzania,236.0,354
2003,Canada,United States of America,167.0,507
2003,Canada,Uruguay,35.0,494
2003,Canada,Uzbekistan,133.0,186
2003,Canada,Various/Unknown,1005.0,1038
2003,Canada,Venezuela (Bolivarian Republic of),235.0,967
2003,Canada,Viet Nam,85.0,171
2003,Canada,Yemen,169.0,248
2003,Canada,Zambia,10.0,28
2003,Canada,Zimbabwe,654.0,738
2004,Canada,Afghanistan,15242.0,15395
2004,Canada,Albania,1273.0,1731
2004,Canada,Algeria,1430.0,1502
2004,Canada,Angola,700.0,753
2004,Canada,Antigua and Barbuda,7.0,20
2004,Canada,Argentina,226.0,292
2004,Canada,Armenia,77.0,118
2004,Canada,Australia,1.0,8
2004,Canada,Austria,1.0,1
2004,Canada,Azerbaijan,376.0,474
2004,Canada,Bahamas,1.0,2
2004,Canada,Bahrain,3.0,4
2004,Canada,Bangladesh,1174.0,1691
2004,Canada,Barbados,4.0,16
2004,Canada,Belarus,158.0,208
2004,Canada,Belgium,1.0,2
2004,Canada,Belize,1.0,4
2004,Canada,Benin,26.0,28
2004,Canada,Bermuda,,1
2004,Canada,Bhutan,4.0,4
2004,Canada,Bolivia (Plurinational State of),61.0,120
2004,Canada,Bosnia and Herzegovina,1435.0,1490
2004,Canada,Botswana,2.0,9
2004,Canada,Brazil,30.0,154
2004,Canada,Bulgaria,693.0,838
2004,Canada,Burkina Faso,51.0,58
2004,Canada,Burundi,1862.0,2021
2004,Canada,Cabo Verde,1.0,1
2004,Canada,Cambodia,78.0,98
2004,Canada,Cameroon,277.0,375
2004,Canada,Cayman Islands,,1
2004,Canada,Central African Rep.,12.0,25
2004,Canada,Chad,398.0,457
2004,Canada,Chile,131.0,220
2004,Canada,China,8071.0,9883
2004,Canada,"China, Hong Kong SAR",,2
2004,Canada,Colombia,9441.0,12712
2004,Canada,Comoros,4.0,6
2004,Canada,Congo,272.0,304
2004,Canada,Costa Rica,120.0,446
2004,Canada,Croatia,835.0,867
2004,Canada,Cuba,958.0,1107
2004,Canada,Cyprus,,1
2004,Canada,Czech Rep.,388.0,411
2004,Canada,Cote d'Ivoire,161.0,217
2004,Canada,Dem. People's Rep. of Korea,4.0,5
2004,Canada,Dem. Rep. of the Congo,5069.0,5430
2004,Canada,Denmark,2.0,7
2004,Canada,Djibouti,261.0,279
2004,Canada,Dominica,24.0,41
2004,Canada,Dominican Rep.,28.0,98
2004,Canada,Ecuador,106.0,285
2004,Canada,Egypt,1109.0,1277
2004,Canada,El Salvador,468.0,824
2004,Canada,Equatorial Guinea,6.0,7
2004,Canada,Eritrea,852.0,992
2004,Canada,Estonia,11.0,18
2004,Canada,Ethiopia,3549.0,3752
2004,Canada,Fiji,433.0,452
2004,Canada,France,23.0,44
2004,Canada,Gabon,15.0,20
2004,Canada,Gambia,9.0,15
2004,Canada,Georgia,245.0,312
2004,Canada,Germany,17.0,40
2004,Canada,Ghana,204.0,271
2004,Canada,Greece,4.0,14
2004,Canada,Grenada,98.0,219
2004,Canada,Guatemala,363.0,619
2004,Canada,Guinea,691.0,821
2004,Canada,Guinea-Bissau,9.0,17
2004,Canada,Guyana,129.0,503
2004,Canada,Haiti,460.0,588
2004,Canada,Honduras,166.0,411
2004,Canada,Hungary,779.0,1277
2004,Canada,India,3589.0,4579
2004,Canada,Indonesia,264.0,515
2004,Canada,Iran (Islamic Rep. of),6508.0,6857
2004,Canada,Iraq,5402.0,5513
2004,Canada,Ireland,,2
2004,Canada,Israel,177.0,654
2004,Canada,Italy,3.0,16
2004,Canada,Jamaica,77.0,224
2004,Canada,Japan,5.0,9
2004,Canada,Jordan,82.0,207
2004,Canada,Kazakhstan,222.0,239
2004,Canada,Kenya,343.0,536
2004,Canada,Kuwait,82.0,101
2004,Canada,Kyrgyzstan,202.0,215
2004,Canada,Lao People's Dem. Rep.,3.0,6
2004,Canada,Latvia,42.0,56
2004,Canada,Lebanon,510.0,823
2004,Canada,Liberia,639.0,672
2004,Canada,Libya,189.0,220
2004,Canada,Lithuania,45.0,78
2004,Canada,Madagascar,4.0,5
2004,Canada,Malawi,5.0,8
2004,Canada,Malaysia,139.0,227
2004,Canada,Maldives,,1
2004,Canada,Mali,73.0,86
2004,Canada,Malta,1.0,1
2004,Canada,Mauritania,69.0,166
2004,Canada,Mauritius,4.0,9
2004,Canada,Mexico,1307.0,4707
2004,Canada,Mongolia,34.0,46
2004,Canada,Morocco,64.0,101
2004,Canada,Myanmar,538.0,575
2004,Canada,Namibia,,14
2004,Canada,Nepal,116.0,176
2004,Canada,Netherlands,3.0,25
2004,Canada,New Zealand,1.0,4
2004,Canada,Nicaragua,107.0,145
2004,Canada,Niger,15.0,35
2004,Canada,Nigeria,1046.0,1746
2004,Canada,Norway,,4
2004,Canada,Oman,3.0,5
2004,Canada,Pakistan,9662.0,11659
2004,Canada,Palestinian,173.0,279
2004,Canada,Panama,14.0,51
2004,Canada,Papua New Guinea,,1
2004,Canada,Paraguay,8.0,28
2004,Canada,Peru,1049.0,1681
2004,Canada,Philippines,96.0,239
2004,Canada,Poland,330.0,436
2004,Canada,Portugal,2.0,181
2004,Canada,Rep. of Korea,114.0,384
2004,Canada,Rep. of Moldova,105.0,135
2004,Canada,Romania,711.0,861
2004,Canada,Russian Federation,2118.0,2390
2004,Canada,Rwanda,1310.0,1399
2004,Canada,Saint Kitts and Nevis,,1
2004,Canada,Saint Lucia,32.0,176
2004,Canada,Saint Vincent and the Grenadines,181.0,389
2004,Canada,Saudi Arabia,39.0,61
2004,Canada,Senegal,50.0,69
2004,Canada,Serbia and Kosovo (S/RES/1244 (1999)),6472.0,6502
2004,Canada,Seychelles,,4
2004,Canada,Sierra Leone,1668.0,1709
2004,Canada,Singapore,4.0,9
2004,Canada,Slovakia,19.0,36
2004,Canada,Slovenia,1.0,6
2004,Canada,Solomon Islands,4.0,14
2004,Canada,Somalia,4894.0,5159
2004,Canada,South Africa,20.0,40
2004,Canada,Spain,3.0,9
2004,Canada,Sri Lanka,12062.0,12979
2004,Canada,Stateless,1764.0,1769
2004,Canada,Sudan,6312.0,6383
2004,Canada,Suriname,2.0,13
2004,Canada,Swaziland,6.0,10
2004,Canada,Sweden,5.0,6
2004,Canada,Syrian Arab Rep.,459.0,554
2004,Canada,Tajikistan,15.0,21
2004,Canada,Thailand,17.0,26
2004,Canada,The former Yugoslav Republic of Macedonia,81.0,139
2004,Canada,Togo,242.0,282
2004,Canada,Trinidad and Tobago,21.0,149
2004,Canada,Tunisia,103.0,141
2004,Canada,Turkey,2632.0,2963
2004,Canada,Turkmenistan,6.0,15
2004,Canada,Turks and Caicos Islands,,1
2004,Canada,Uganda,225.0,286
2004,Canada,Ukraine,961.0,1324
2004,Canada,United Arab Emirates,6.0,8
2004,Canada,United Kingdom,21.0,21
2004,Canada,United Rep. of Tanzania,342.0,369
2004,Canada,United States of America,232.0,498
2004,Canada,Uruguay,52.0,139
2004,Canada,Uzbekistan,165.0,209
2004,Canada,Various/Unknown,1125.0,1276
2004,Canada,Venezuela (Bolivarian Republic of),219.0,493
2004,Canada,Viet Nam,79.0,149
2004,Canada,Yemen,144.0,191
2004,Canada,Zambia,9.0,23
2004,Canada,Zimbabwe,1979.0,2049
2005,Canada,Afghanistan,15535.0,15759
2005,Canada,Albania,1403.0,1780
2005,Canada,Algeria,763.0,812
2005,Canada,Angola,892.0,920
2005,Canada,Antigua and Barbuda,13.0,20
2005,Canada,Argentina,297.0,327
2005,Canada,Armenia,83.0,106
2005,Canada,Australia,2.0,4
2005,Canada,Azerbaijan,585.0,630
2005,Canada,Bahamas,1.0,1
2005,Canada,Bahrain,1.0,3
2005,Canada,Bangladesh,1352.0,1651
2005,Canada,Barbados,8.0,26
2005,Canada,Belarus,199.0,235
2005,Canada,Belgium,1.0,2
2005,Canada,Belize,1.0,4
2005,Canada,Benin,39.0,41
2005,Canada,Bhutan,4.0,4
2005,Canada,Bolivia (Plurinational State of),79.0,85
2005,Canada,Bosnia and Herzegovina,794.0,840
2005,Canada,Botswana,2.0,10
2005,Canada,Brazil,79.0,168
2005,Canada,Bulgaria,794.0,861
2005,Canada,Burkina Faso,72.0,78
2005,Canada,Burundi,2064.0,2193
2005,Canada,Cambodia,82.0,102
2005,Canada,Cameroon,334.0,404
2005,Canada,Central African Rep.,43.0,60
2005,Canada,Chad,350.0,408
2005,Canada,Chile,94.0,127
2005,Canada,China,9953.0,11843
2005,Canada,"China, Hong Kong SAR",,9
2005,Canada,Colombia,13511.0,14972
2005,Canada,Comoros,5.0,7
2005,Canada,Congo,365.0,386
2005,Canada,Costa Rica,149.0,256
2005,Canada,Croatia,349.0,377
2005,Canada,Cuba,964.0,1089
2005,Canada,Cyprus,1.0,3
2005,Canada,Czech Rep.,151.0,165
2005,Canada,Cote d'Ivoire,204.0,265
2005,Canada,Dem. People's Rep. of Korea,4.0,5
2005,Canada,Dem. Rep. of the Congo,5124.0,5460
2005,Canada,Denmark,,5
2005,Canada,Djibouti,195.0,202
2005,Canada,Dominica,30.0,71
2005,Canada,Dominican Rep.,32.0,44
2005,Canada,Ecuador,106.0,148
2005,Canada,Egypt,1208.0,1308
2005,Canada,El Salvador,399.0,592
2005,Canada,Equatorial Guinea,5.0,6
2005,Canada,Eritrea,1197.0,1312
2005,Canada,Estonia,12.0,17
2005,Canada,Ethiopia,3986.0,4146
2005,Canada,Fiji,455.0,491
2005,Canada,France,16.0,35
2005,Canada,Gabon,27.0,31
2005,Canada,Gambia,16.0,19
2005,Canada,Georgia,290.0,359
2005,Canada,Germany,18.0,50
2005,Canada,Ghana,241.0,306
2005,Canada,Greece,3.0,15
2005,Canada,Grenada,151.0,252
2005,Canada,Guatemala,332.0,466
2005,Canada,Guinea,714.0,795
2005,Canada,Guinea-Bissau,14.0,17
2005,Canada,Guyana,311.0,563
2005,Canada,Haiti,632.0,953
2005,Canada,Honduras,164.0,321
2005,Canada,Hungary,829.0,978
2005,Canada,India,3512.0,4204
2005,Canada,Indonesia,294.0,431
2005,Canada,Iran (Islamic Rep. of),5695.0,6026
2005,Canada,Iraq,4789.0,4891
2005,Canada,Ireland,3.0,3
2005,Canada,Israel,292.0,582
2005,Canada,Italy,5.0,16
2005,Canada,Jamaica,158.0,320
2005,Canada,Japan,5.0,7
2005,Canada,Jordan,141.0,201
2005,Canada,Kazakhstan,185.0,205
2005,Canada,Kenya,474.0,554
2005,Canada,Kiribati,1.0,1
2005,Canada,Kuwait,50.0,51
2005,Canada,Kyrgyzstan,241.0,265
2005,Canada,Lao People's Dem. Rep.,4.0,6
2005,Canada,Latvia,39.0,48
2005,Canada,Lebanon,591.0,756
2005,Canada,Liberia,1151.0,1166
2005,Canada,Libya,199.0,233
2005,Canada,Lithuania,76.0,90
2005,Canada,Madagascar,5.0,6
2005,Canada,Malawi,9.0,10
2005,Canada,Malaysia,201.0,273
2005,Canada,Maldives,,1
2005,Canada,Mali,80.0,81
2005,Canada,Malta,2.0,2
2005,Canada,Mauritania,129.0,211
2005,Canada,Mauritius,5.0,8
2005,Canada,Mexico,1807.0,4981
2005,Canada,Mongolia,40.0,66
2005,Canada,Morocco,69.0,114
2005,Canada,Mozambique,,1
2005,Canada,Myanmar,613.0,642
2005,Canada,Namibia,5.0,16
2005,Canada,Nepal,178.0,222
2005,Canada,Netherlands,4.0,30
2005,Canada,New Zealand,1.0,5
2005,Canada,Nicaragua,75.0,104
2005,Canada,Niger,23.0,31
2005,Canada,Nigeria,1413.0,1889
2005,Canada,Norway,1.0,1
2005,Canada,Oman,4.0,5
2005,Canada,Pakistan,10642.0,11646
2005,Canada,Palestinian,312.0,349
2005,Canada,Panama,19.0,47
2005,Canada,Papua New Guinea,,1
2005,Canada,Paraguay,12.0,23
2005,Canada,Peru,1335.0,1557
2005,Canada,Philippines,131.0,244
2005,Canada,Poland,365.0,412
2005,Canada,Portugal,3.0,81
2005,Canada,Qatar,2.0,3
2005,Canada,Rep. of Korea,169.0,424
2005,Canada,Rep. of Moldova,103.0,134
2005,Canada,Romania,697.0,815
2005,Canada,Russian Federation,2073.0,2276
2005,Canada,Rwanda,1223.0,1344
2005,Canada,Saint Kitts and Nevis,,1
2005,Canada,Saint Lucia,96.0,291
2005,Canada,Saint Vincent and the Grenadines,279.0,632
2005,Canada,Saudi Arabia,64.0,83
2005,Canada,Senegal,74.0,96
2005,Canada,Serbia and Kosovo (S/RES/1244 (1999)),2129.0,2224
2005,Canada,Seychelles,1.0,2
2005,Canada,Sierra Leone,1557.0,1579
2005,Canada,Singapore,7.0,18
2005,Canada,Slovakia,12.0,24
2005,Canada,Slovenia,4.0,10
2005,Canada,Solomon Islands,4.0,14
2005,Canada,Somalia,4491.0,4660
2005,Canada,South Africa,20.0,34
2005,Canada,Spain,1.0,7
2005,Canada,Sri Lanka,11076.0,12157
2005,Canada,Stateless,1891.0,1895
2005,Canada,Sudan,6230.0,6279
2005,Canada,Suriname,2.0,2
2005,Canada,Swaziland,7.0,9
2005,Canada,Sweden,6.0,9
2005,Canada,Switzerland,,1
2005,Canada,Syrian Arab Rep.,397.0,461
2005,Canada,Tajikistan,91.0,97
2005,Canada,Thailand,22.0,36
2005,Canada,The former Yugoslav Republic of Macedonia,74.0,109
2005,Canada,Togo,265.0,299
2005,Canada,Trinidad and Tobago,42.0,205
2005,Canada,Tunisia,123.0,154
2005,Canada,Turkey,3468.0,3789
2005,Canada,Turkmenistan,39.0,43
2005,Canada,Uganda,362.0,404
2005,Canada,Ukraine,1100.0,1415
2005,Canada,United Arab Emirates,9.0,10
2005,Canada,United Kingdom,29.0,30
2005,Canada,United Rep. of Tanzania,413.0,429
2005,Canada,United States of America,567.0,811
2005,Canada,Uruguay,80.0,97
2005,Canada,Uzbekistan,276.0,320
2005,Canada,Various/Unknown,949.0,963
2005,Canada,Venezuela (Bolivarian Republic of),346.0,437
2005,Canada,Viet Nam,144.0,184
2005,Canada,Yemen,183.0,211
2005,Canada,Zambia,24.0,35
2005,Canada,Zimbabwe,2433.0,3058
2006,Canada,Afghanistan,14419.0,14713
2006,Canada,Albania,1327.0,1624
2006,Canada,Algeria,545.0,618
2006,Canada,Angola,836.0,854
2006,Canada,Antigua and Barbuda,18.0,26
2006,Canada,Argentina,271.0,295
2006,Canada,Armenia,110.0,158
2006,Canada,Australia,3.0,4
2006,Canada,Austria,,6
2006,Canada,Azerbaijan,652.0,683
2006,Canada,Bahamas,2.0,6
2006,Canada,Bahrain,2.0,4
2006,Canada,Bangladesh,1575.0,1770
2006,Canada,Barbados,13.0,50
2006,Canada,Belarus,201.0,247
2006,Canada,Belgium,1.0,7
2006,Canada,Belize,1.0,3
2006,Canada,Benin,41.0,49
2006,Canada,Bhutan,10.0,14
2006,Canada,Bolivia (Plurinational State of),107.0,124
2006,Canada,Bosnia and Herzegovina,274.0,317
2006,Canada,Botswana,3.0,30
2006,Canada,Brazil,110.0,164
2006,Canada,Bulgaria,835.0,882
2006,Canada,Burkina Faso,95.0,106
2006,Canada,Burundi,2148.0,2541
2006,Canada,Cambodia,105.0,131
2006,Canada,Cameroon,379.0,497
2006,Canada,Central African Rep.,55.0,57
2006,Canada,Chad,340.0,424
2006,Canada,Chile,91.0,119
2006,Canada,China,11072.0,13055
2006,Canada,"China, Hong Kong SAR",1.0,14
2006,Canada,Colombia,17378.0,18790
2006,Canada,Comoros,3.0,3
2006,Canada,Congo,400.0,432
2006,Canada,Costa Rica,198.0,252
2006,Canada,Croatia,160.0,176
2006,Canada,Cuba,969.0,1114
2006,Canada,Cyprus,1.0,1
2006,Canada,Czech Rep.,113.0,117
2006,Canada,Cote d'Ivoire,236.0,280
2006,Canada,Dem. People's Rep. of Korea,4.0,30
2006,Canada,Dem. Rep. of the Congo,5212.0,5643
2006,Canada,Denmark,,5
2006,Canada,Djibouti,163.0,176
2006,Canada,Dominica,33.0,40
2006,Canada,Dominican Rep.,63.0,113
2006,Canada,Ecuador,145.0,183
2006,Canada,Egypt,1004.0,1081
2006,Canada,El Salvador,459.0,725
2006,Canada,Equatorial Guinea,7.0,8
2006,Canada,Eritrea,1619.0,1752
2006,Canada,Estonia,10.0,14
2006,Canada,Ethiopia,4753.0,4964
2006,Canada,Fiji,458.0,495
2006,Canada,Finland,,1
2006,Canada,France,18.0,31
2006,Canada,Gabon,28.0,36
2006,Canada,Gambia,31.0,38
2006,Canada,Georgia,297.0,385
2006,Canada,Germany,28.0,66
2006,Canada,Ghana,259.0,325
2006,Canada,Greece,4.0,5
2006,Canada,Grenada,199.0,240
2006,Canada,Guatemala,339.0,521
2006,Canada,Guinea,747.0,812
2006,Canada,Guinea-Bissau,18.0,20
2006,Canada,Guyana,407.0,611
2006,Canada,Haiti,783.0,1469
2006,Canada,Honduras,188.0,369
2006,Canada,Hungary,722.0,793
2006,Canada,India,3750.0,4525
2006,Canada,Indonesia,402.0,490
2006,Canada,Iran (Islamic Rep. of),4978.0,5256
2006,Canada,Iraq,3990.0,4165
2006,Canada,Ireland,3.0,3
2006,Canada,Israel,440.0,987
2006,Canada,Italy,3.0,10
2006,Canada,Jamaica,197.0,336
2006,Canada,Japan,11.0,15
2006,Canada,Jordan,217.0,298
2006,Canada,Kazakhstan,148.0,173
2006,Canada,Kenya,567.0,684
2006,Canada,Kiribati,1.0,1
2006,Canada,Kuwait,48.0,53
2006,Canada,Kyrgyzstan,244.0,268
2006,Canada,Lao People's Dem. Rep.,4.0,8
2006,Canada,Latvia,35.0,40
2006,Canada,Lebanon,684.0,1041
2006,Canada,Liberia,1436.0,1468
2006,Canada,Libya,156.0,196
2006,Canada,Lithuania,92.0,102
2006,Canada,Madagascar,9.0,11
2006,Canada,Malawi,9.0,10
2006,Canada,Malaysia,194.0,252
2006,Canada,Mali,87.0,107
2006,Canada,Malta,2.0,3
2006,Canada,Mauritania,229.0,259
2006,Canada,Mauritius,6.0,12
2006,Canada,Mexico,2310.0,7149
2006,Canada,Mongolia,48.0,87
2006,Canada,Morocco,97.0,146
2006,Canada,Mozambique,1.0,1
2006,Canada,Myanmar,1429.0,1452
2006,Canada,Namibia,12.0,21
2006,Canada,Nepal,319.0,433
2006,Canada,Netherlands,4.0,14
2006,Canada,New Zealand,1.0,3
2006,Canada,Nicaragua,71.0,91
2006,Canada,Niger,37.0,47
2006,Canada,Nigeria,1722.0,2413
2006,Canada,Norway,1.0,1
2006,Canada,Oman,5.0,6
2006,Canada,Pakistan,10888.0,11598
2006,Canada,Palestinian,396.0,452
2006,Canada,Panama,26.0,34
2006,Canada,Paraguay,25.0,46
2006,Canada,Peru,1589.0,1807
2006,Canada,Philippines,177.0,289
2006,Canada,Poland,344.0,388
2006,Canada,Portugal,3.0,30
2006,Canada,Qatar,2.0,3
2006,Canada,Rep. of Korea,182.0,428
2006,Canada,Rep. of Moldova,108.0,135
2006,Canada,Romania,654.0,770
2006,Canada,Russian Federation,1916.0,2149
2006,Canada,Rwanda,1226.0,1457
2006,Canada,Saint Kitts and Nevis,,4
2006,Canada,Saint Lucia,151.0,290
2006,Canada,Saint Vincent and the Grenadines,386.0,704
2006,Canada,Saudi Arabia,80.0,85
2006,Canada,Senegal,98.0,130
2006,Canada,Serbia and Kosovo (S/RES/1244 (1999)),546.0,672
2006,Canada,Seychelles,4.0,5
2006,Canada,Sierra Leone,1323.0,1344
2006,Canada,Singapore,6.0,9
2006,Canada,Slovakia,11.0,16
2006,Canada,Slovenia,3.0,9
2006,Canada,Solomon Islands,10.0,36
2006,Canada,Somalia,4507.0,4745
2006,Canada,South Africa,16.0,38
2006,Canada,Spain,2.0,5
2006,Canada,Sri Lanka,9877.0,10967
2006,Canada,Stateless,1248.0,1250
2006,Canada,Sudan,6258.0,6309
2006,Canada,Suriname,3.0,11
2006,Canada,Swaziland,11.0,15
2006,Canada,Sweden,6.0,14
2006,Canada,Switzerland,3.0,3
2006,Canada,Syrian Arab Rep.,415.0,456
2006,Canada,Tajikistan,113.0,115
2006,Canada,Thailand,24.0,34
2006,Canada,The former Yugoslav Republic of Macedonia,76.0,100
2006,Canada,Togo,259.0,283
2006,Canada,Tonga,,1
2006,Canada,Trinidad and Tobago,91.0,202
2006,Canada,Tunisia,129.0,166
2006,Canada,Turkey,3474.0,3844
2006,Canada,Turkmenistan,51.0,53
2006,Canada,Uganda,445.0,601
2006,Canada,Ukraine,1177.0,1460
2006,Canada,United Arab Emirates,10.0,12
2006,Canada,United Kingdom,32.0,43
2006,Canada,United Rep. of Tanzania,456.0,470
2006,Canada,United States of America,976.0,1354
2006,Canada,Uruguay,109.0,136
2006,Canada,Uzbekistan,346.0,392
2006,Canada,Various/Unknown,919.0,929
2006,Canada,Venezuela (Bolivarian Republic of),456.0,555
2006,Canada,Viet Nam,205.0,236
2006,Canada,Yemen,180.0,194
2006,Canada,Zambia,28.0,33
2006,Canada,Zimbabwe,2674.0,3182
2007,Canada,Afghanistan,3470.0,3875
2007,Canada,Albania,2509.0,2881
2007,Canada,Algeria,2806.0,2924
2007,Canada,Angola,1085.0,1100
2007,Canada,Antigua and Barbuda,24.0,24
2007,Canada,Argentina,421.0,458
2007,Canada,Armenia,171.0,230
2007,Canada,Australia,2.0,3
2007,Canada,Austria,2.0,6
2007,Canada,Azerbaijan,727.0,754
2007,Canada,Bahamas,2.0,17
2007,Canada,Bahrain,7.0,9
2007,Canada,Bangladesh,3214.0,3387
2007,Canada,Barbados,25.0,55
2007,Canada,Belarus,293.0,355
2007,Canada,Belgium,2.0,7
2007,Canada,Belize,1.0,11
2007,Canada,Benin,53.0,67
2007,Canada,Bhutan,2.0,8
2007,Canada,Bolivia (Plurinational State of),149.0,184
2007,Canada,Bosnia and Herzegovina,132.0,196
2007,Canada,Botswana,6.0,54
2007,Canada,Brazil,165.0,261
2007,Canada,Bulgaria,1552.0,1619
2007,Canada,Burkina Faso,115.0,130
2007,Canada,Burundi,1498.0,1930
2007,Canada,Cabo Verde,1.0,1
2007,Canada,Cambodia,182.0,224
2007,Canada,Cameroon,660.0,865
2007,Canada,Canada,,46
2007,Canada,Central African Rep.,60.0,68
2007,Canada,Chad,745.0,867
2007,Canada,Chile,290.0,342
2007,Canada,China,14970.0,17292
2007,Canada,"China, Hong Kong SAR",1.0,26
2007,Canada,Colombia,11843.0,14922
2007,Canada,Comoros,7.0,7
2007,Canada,Congo,308.0,347
2007,Canada,Costa Rica,315.0,358
2007,Canada,Croatia,93.0,117
2007,Canada,Cuba,2014.0,2228
2007,Canada,Cyprus,1.0,1
2007,Canada,Czech Rep.,796.0,878
2007,Canada,Cote d'Ivoire,401.0,462
2007,Canada,Dem. People's Rep. of Korea,4.0,130
2007,Canada,Dem. Rep. of the Congo,5997.0,6529
2007,Canada,Denmark,3.0,4
2007,Canada,Djibouti,431.0,458
2007,Canada,Dominica,43.0,51
2007,Canada,Dominican Rep.,116.0,200
2007,Canada,Ecuador,261.0,318
2007,Canada,Egypt,640.0,724
2007,Canada,El Salvador,758.0,1158
2007,Canada,Equatorial Guinea,15.0,15
2007,Canada,Eritrea,717.0,897
2007,Canada,Estonia,22.0,23
2007,Canada,Ethiopia,1652.0,1853
2007,Canada,Fiji,515.0,572
2007,Canada,Finland,,0
2007,Canada,France,43.0,77
2007,Canada,Gabon,41.0,47
2007,Canada,Gambia,40.0,56
2007,Canada,Georgia,471.0,573
2007,Canada,Germany,41.0,98
2007,Canada,Ghana,495.0,585
2007,Canada,Greece,10.0,15
2007,Canada,Grenada,293.0,356
2007,Canada,Guatemala,689.0,964
2007,Canada,Guinea,1173.0,1276
2007,Canada,Guinea-Bissau,23.0,25
2007,Canada,Guyana,537.0,734
2007,Canada,Haiti,1295.0,5476
2007,Canada,Holy See (the),,3
2007,Canada,Honduras,452.0,714
2007,Canada,Hungary,1183.0,1251
2007,Canada,India,7114.0,8095
2007,Canada,Indonesia,409.0,529
2007,Canada,Iran (Islamic Rep. of),6221.0,6585
2007,Canada,Iraq,1968.0,2327
2007,Canada,Ireland,9.0,9
2007,Canada,Israel,645.0,1389
2007,Canada,Italy,8.0,18
2007,Canada,Jamaica,267.0,440
2007,Canada,Japan,13.0,18
2007,Canada,Jordan,300.0,428
2007,Canada,Kazakhstan,491.0,530
2007,Canada,Kenya,760.0,875
2007,Canada,Kiribati,1.0,1
2007,Canada,Kuwait,143.0,150
2007,Canada,Kyrgyzstan,203.0,219
2007,Canada,Lao People's Dem. Rep.,4.0,9
2007,Canada,Latvia,76.0,81
2007,Canada,Lebanon,1218.0,1685
2007,Canada,Lesotho,1.0,1
2007,Canada,Liberia,123.0,171
2007,Canada,Libya,308.0,354
2007,Canada,Lithuania,115.0,130
2007,Canada,Madagascar,14.0,14
2007,Canada,Malawi,15.0,15
2007,Canada,Malaysia,263.0,294
2007,Canada,Maldives,1.0,1
2007,Canada,Mali,133.0,157
2007,Canada,Malta,3.0,4
2007,Canada,Mauritania,231.0,258
2007,Canada,Mauritius,6.0,11
2007,Canada,Mexico,4281.0,12524
2007,Canada,Mongolia,87.0,138
2007,Canada,Montenegro,2.0,124
2007,Canada,Morocco,167.0,229
2007,Canada,Mozambique,5.0,5
2007,Canada,Myanmar,205.0,231
2007,Canada,Namibia,15.0,31
2007,Canada,Nepal,513.0,674
2007,Canada,Netherlands,12.0,24
2007,Canada,New Zealand,1.0,2
2007,Canada,Nicaragua,238.0,295
2007,Canada,Niger,58.0,70
2007,Canada,Nigeria,2911.0,4068
2007,Canada,Norway,1.0,6
2007,Canada,Oman,8.0,11
2007,Canada,Pakistan,15820.0,16483
2007,Canada,Palestinian,498.0,602
2007,Canada,Panama,43.0,67
2007,Canada,Paraguay,30.0,57
2007,Canada,Peru,2522.0,2755
2007,Canada,Philippines,235.0,384
2007,Canada,Poland,567.0,619
2007,Canada,Portugal,8.0,43
2007,Canada,Qatar,2.0,3
2007,Canada,Rep. of Korea,275.0,597
2007,Canada,Rep. of Moldova,248.0,294
2007,Canada,Romania,1286.0,1413
2007,Canada,Russian Federation,2960.0,3270
2007,Canada,Rwanda,1697.0,2058
2007,Canada,Saint Kitts and Nevis,,8
2007,Canada,Saint Lucia,216.0,395
2007,Canada,Saint Vincent and the Grenadines,644.0,1148
2007,Canada,Saudi Arabia,99.0,107
2007,Canada,Senegal,149.0,174
2007,Canada,Serbia and Kosovo (S/RES/1244 (1999)),1159.0,1160
2007,Canada,Seychelles,8.0,16
2007,Canada,Sierra Leone,254.0,289
2007,Canada,Singapore,19.0,26
2007,Canada,Slovakia,31.0,39
2007,Canada,Slovenia,6.0,15
2007,Canada,Solomon Islands,15.0,37
2007,Canada,Somalia,7206.0,7537
2007,Canada,South Africa,33.0,50
2007,Canada,Spain,6.0,12
2007,Canada,Sri Lanka,21279.0,22352
2007,Canada,Stateless,1828.0,1829
2007,Canada,Sudan,1915.0,1975
2007,Canada,Suriname,3.0,12
2007,Canada,Swaziland,16.0,22
2007,Canada,Sweden,7.0,12
2007,Canada,Switzerland,3.0,3
2007,Canada,Syrian Arab Rep.,624.0,712
2007,Canada,Tajikistan,34.0,38
2007,Canada,Thailand,32.0,174
2007,Canada,The former Yugoslav Republic of Macedonia,136.0,158
2007,Canada,Togo,280.0,301
2007,Canada,Tonga,,1
2007,Canada,Trinidad and Tobago,145.0,291
2007,Canada,Tunisia,236.0,303
2007,Canada,Turkey,4753.0,5080
2007,Canada,Turkmenistan,21.0,21
2007,Canada,Uganda,491.0,647
2007,Canada,Ukraine,1911.0,2243
2007,Canada,United Arab Emirates,13.0,16
2007,Canada,United Kingdom,59.0,69
2007,Canada,United Rep. of Tanzania,546.0,570
2007,Canada,United States of America,1537.0,2627
2007,Canada,Uruguay,145.0,163
2007,Canada,Uzbekistan,227.0,280
2007,Canada,Various/Unknown,349.0,497
2007,Canada,Venezuela (Bolivarian Republic of),823.0,1001
2007,Canada,Viet Nam,169.0,197
2007,Canada,Yemen,364.0,387
2007,Canada,Zambia,36.0,59
2007,Canada,Zimbabwe,3076.0,3552
2008,Canada,Afghanistan,3147.0,3760
2008,Canada,Albania,2496.0,3155
2008,Canada,Algeria,2295.0,2435
2008,Canada,Angola,1080.0,1090
2008,Canada,Antigua and Barbuda,25.0,50
2008,Canada,Argentina,410.0,467
2008,Canada,Armenia,172.0,245
2008,Canada,Australia,2.0,11
2008,Canada,Austria,2.0,3
2008,Canada,Azerbaijan,719.0,737
2008,Canada,Bahamas,2.0,23
2008,Canada,Bahrain,8.0,10
2008,Canada,Bangladesh,2768.0,2976
2008,Canada,Barbados,27.0,72
2008,Canada,Belarus,307.0,370
2008,Canada,Belgium,7.0,24
2008,Canada,Belize,4.0,12
2008,Canada,Benin,54.0,70
2008,Canada,Bhutan,8.0,11
2008,Canada,Bolivia (Plurinational State of),162.0,195
2008,Canada,Bosnia and Herzegovina,119.0,198
2008,Canada,Botswana,14.0,162
2008,Canada,Brazil,176.0,330
2008,Canada,Bulgaria,1414.0,1493
2008,Canada,Burkina Faso,123.0,149
2008,Canada,Burundi,1650.0,2037
2008,Canada,Cabo Verde,1.0,2
2008,Canada,Cambodia,179.0,217
2008,Canada,Cameroon,680.0,958
2008,Canada,Canada,,46
2008,Canada,Central African Rep.,60.0,66
2008,Canada,Chad,771.0,874
2008,Canada,Chile,250.0,325
2008,Canada,China,15585.0,18629
2008,Canada,"China, Hong Kong SAR",1.0,50
2008,Canada,Colombia,13080.0,17751
2008,Canada,Comoros,7.0,10
2008,Canada,Congo,326.0,398
2008,Canada,Costa Rica,309.0,365
2008,Canada,Croatia,85.0,118
2008,Canada,Cuba,2041.0,2299
2008,Canada,Cyprus,1.0,2
2008,Canada,Czech Rep.,776.0,1522
2008,Canada,Cote d'Ivoire,424.0,496
2008,Canada,Dem. People's Rep. of Korea,4.0,130
2008,Canada,Dem. Rep. of the Congo,5687.0,6416
2008,Canada,Denmark,3.0,9
2008,Canada,Djibouti,429.0,484
2008,Canada,Dominica,44.0,63
2008,Canada,Dominican Rep.,126.0,236
2008,Canada,Ecuador,256.0,343
2008,Canada,Egypt,640.0,740
2008,Canada,El Salvador,849.0,1652
2008,Canada,Equatorial Guinea,15.0,21
2008,Canada,Eritrea,792.0,1113
2008,Canada,Estonia,23.0,23
2008,Canada,Ethiopia,1732.0,2050
2008,Canada,Fiji,523.0,591
2008,Canada,France,46.0,91
2008,Canada,Gabon,49.0,57
2008,Canada,Gambia,45.0,69
2008,Canada,Georgia,486.0,644
2008,Canada,Germany,73.0,154
2008,Canada,Ghana,444.0,556
2008,Canada,Greece,11.0,21
2008,Canada,Grenada,305.0,370
2008,Canada,Guatemala,693.0,1131
2008,Canada,Guinea,1169.0,1316
2008,Canada,Guinea-Bissau,23.0,28
2008,Canada,Guyana,569.0,809
2008,Canada,Haiti,1410.0,9772
2008,Canada,Holy See (the),,3
2008,Canada,Honduras,455.0,1059
2008,Canada,Hungary,1221.0,1495
2008,Canada,India,6718.0,7847
2008,Canada,Indonesia,429.0,541
2008,Canada,Iran (Islamic Rep. of),5200.0,5693
2008,Canada,Iraq,1865.0,2330
2008,Canada,Ireland,7.0,8
2008,Canada,Israel,622.0,1497
2008,Canada,Italy,11.0,33
2008,Canada,Jamaica,303.0,640
2008,Canada,Japan,16.0,29
2008,Canada,Jordan,308.0,501
2008,Canada,Kazakhstan,353.0,387
2008,Canada,Kenya,820.0,992
2008,Canada,Kiribati,1.0,2
2008,Canada,Kuwait,130.0,143
2008,Canada,Kyrgyzstan,203.0,224
2008,Canada,Lao People's Dem. Rep.,5.0,24
2008,Canada,Latvia,71.0,85
2008,Canada,Lebanon,1190.0,1633
2008,Canada,Lesotho,1.0,3
2008,Canada,Liberia,115.0,185
2008,Canada,Libya,323.0,372
2008,Canada,Lithuania,117.0,136
2008,Canada,Madagascar,10.0,13
2008,Canada,Malawi,17.0,24
2008,Canada,Malaysia,271.0,312
2008,Canada,Maldives,1.0,1
2008,Canada,Mali,132.0,160
2008,Canada,Malta,3.0,3
2008,Canada,Mauritania,254.0,285
2008,Canada,Mauritius,6.0,11
2008,Canada,Mexico,4757.0,15415
2008,Canada,Mongolia,101.0,162
2008,Canada,Montenegro,2.0,6
2008,Canada,Morocco,168.0,242
2008,Canada,Mozambique,6.0,7
2008,Canada,Myanmar,235.0,265
2008,Canada,Namibia,20.0,43
2008,Canada,Nepal,730.0,932
2008,Canada,Netherlands,23.0,37
2008,Canada,New Zealand,1.0,3
2008,Canada,Nicaragua,211.0,283
2008,Canada,Niger,61.0,80
2008,Canada,Nigeria,2882.0,4421
2008,Canada,Norway,1.0,1
2008,Canada,Oman,8.0,10
2008,Canada,Pakistan,15798.0,16541
2008,Canada,Palestinian,528.0,702
2008,Canada,Panama,45.0,76
2008,Canada,Papua New Guinea,,2
2008,Canada,Paraguay,31.0,53
2008,Canada,Peru,2421.0,2754
2008,Canada,Philippines,274.0,505
2008,Canada,Poland,545.0,672
2008,Canada,Portugal,15.0,48
2008,Canada,Qatar,4.0,5
2008,Canada,Rep. of Korea,283.0,678
2008,Canada,Rep. of Moldova,224.0,319
2008,Canada,Romania,1203.0,1337
2008,Canada,Russian Federation,2770.0,3156
2008,Canada,Rwanda,1680.0,2130
2008,Canada,Saint Kitts and Nevis,2.0,10
2008,Canada,Saint Lucia,278.0,614
2008,Canada,Saint Vincent and the Grenadines,748.0,1492
2008,Canada,Sao Tome and Principe,,0
2008,Canada,Saudi Arabia,128.0,140
2008,Canada,Senegal,159.0,203
2008,Canada,Serbia and Kosovo (S/RES/1244 (1999)),1006.0,1196
2008,Canada,Seychelles,8.0,16
2008,Canada,Sierra Leone,258.0,303
2008,Canada,Singapore,24.0,30
2008,Canada,Slovakia,35.0,85
2008,Canada,Slovenia,10.0,22
2008,Canada,Solomon Islands,19.0,19
2008,Canada,Somalia,6209.0,6845
2008,Canada,South Africa,33.0,60
2008,Canada,Spain,9.0,26
2008,Canada,Sri Lanka,20442.0,21467
2008,Canada,Stateless,1669.0,1691
2008,Canada,Sudan,1739.0,1810
2008,Canada,Suriname,3.0,14
2008,Canada,Swaziland,17.0,54
2008,Canada,Sweden,6.0,20
2008,Canada,Switzerland,9.0,11
2008,Canada,Syrian Arab Rep.,603.0,736
2008,Canada,Tajikistan,40.0,51
2008,Canada,Thailand,34.0,211
2008,Canada,The former Yugoslav Republic of Macedonia,140.0,180
2008,Canada,Tibetan,58.0,58
2008,Canada,Togo,281.0,317
2008,Canada,Tonga,,1
2008,Canada,Trinidad and Tobago,164.0,384
2008,Canada,Tunisia,238.0,309
2008,Canada,Turkey,4691.0,5114
2008,Canada,Turkmenistan,22.0,24
2008,Canada,Uganda,542.0,676
2008,Canada,Ukraine,1904.0,2305
2008,Canada,United Arab Emirates,28.0,36
2008,Canada,United Kingdom,61.0,63
2008,Canada,United Rep. of Tanzania,561.0,610
2008,Canada,United States of America,1746.0,3481
2008,Canada,Uruguay,150.0,191
2008,Canada,Uzbekistan,238.0,283
2008,Canada,Vanuatu,,0
2008,Canada,Various/Unknown,161.0,315
2008,Canada,Venezuela (Bolivarian Republic of),764.0,1058
2008,Canada,Viet Nam,171.0,200
2008,Canada,Yemen,331.0,361
2008,Canada,Zambia,39.0,66
2008,Canada,Zimbabwe,3455.0,4056
2009,Canada,Afghanistan,3015.0,3705
2009,Canada,Albania,2340.0,2951
2009,Canada,Algeria,1580.0,1777
2009,Canada,Angola,1067.0,1090
2009,Canada,Antigua and Barbuda,27.0,68
2009,Canada,Argentina,394.0,462
2009,Canada,Armenia,173.0,231
2009,Canada,Australia,2.0,11
2009,Canada,Austria,1.0,1
2009,Canada,Azerbaijan,723.0,759
2009,Canada,Bahamas,2.0,29
2009,Canada,Bahrain,6.0,6
2009,Canada,Bangladesh,2445.0,2696
2009,Canada,Barbados,28.0,94
2009,Canada,Belarus,312.0,362
2009,Canada,Belgium,12.0,26
2009,Canada,Belize,5.0,12
2009,Canada,Benin,54.0,72
2009,Canada,Bermuda,,0
2009,Canada,Bhutan,10.0,10
2009,Canada,Bolivia (Plurinational State of),160.0,199
2009,Canada,Bosnia and Herzegovina,110.0,170
2009,Canada,Botswana,22.0,212
2009,Canada,Brazil,168.0,346
2009,Canada,Bulgaria,1238.0,1308
2009,Canada,Burkina Faso,126.0,165
2009,Canada,Burundi,1827.0,2073
2009,Canada,Cabo Verde,1.0,2
2009,Canada,Cambodia,174.0,211
2009,Canada,Cameroon,708.0,997
2009,Canada,Central African Rep.,58.0,60
2009,Canada,Chad,708.0,797
2009,Canada,Chile,211.0,321
2009,Canada,China,16075.0,19046
2009,Canada,"China, Hong Kong SAR",1.0,67
2009,Canada,Colombia,14300.0,18025
2009,Canada,Comoros,7.0,9
2009,Canada,Congo,331.0,433
2009,Canada,Costa Rica,314.0,381
2009,Canada,Croatia,86.0,165
2009,Canada,Cuba,1988.0,2369
2009,Canada,Cyprus,1.0,2
2009,Canada,Czech Rep.,489.0,2546
2009,Canada,Cote d'Ivoire,425.0,515
2009,Canada,Dem. People's Rep. of Korea,4.0,63
2009,Canada,Dem. Rep. of the Congo,5284.0,5979
2009,Canada,Denmark,3.0,3
2009,Canada,Djibouti,364.0,494
2009,Canada,Dominica,44.0,62
2009,Canada,Dominican Rep.,132.0,297
2009,Canada,Ecuador,264.0,378
2009,Canada,Egypt,607.0,708
2009,Canada,El Salvador,889.0,1996
2009,Canada,Equatorial Guinea,15.0,26
2009,Canada,Eritrea,918.0,1192
2009,Canada,Estonia,21.0,28
2009,Canada,Ethiopia,1742.0,2054
2009,Canada,Fiji,528.0,604
2009,Canada,Finland,,2
2009,Canada,France,40.0,99
2009,Canada,Gabon,50.0,58
2009,Canada,Gambia,41.0,66
2009,Canada,Georgia,501.0,666
2009,Canada,Germany,81.0,150
2009,Canada,Ghana,418.0,547
2009,Canada,Greece,15.0,31
2009,Canada,Grenada,325.0,413
2009,Canada,Guatemala,686.0,1246
2009,Canada,Guinea,1152.0,1327
2009,Canada,Guinea-Bissau,23.0,30
2009,Canada,Guyana,591.0,870
2009,Canada,Haiti,1662.0,9168
2009,Canada,Honduras,467.0,1066
2009,Canada,Hungary,1158.0,3592
2009,Canada,Iceland,,1
2009,Canada,India,6245.0,7284
2009,Canada,Indonesia,419.0,491
2009,Canada,Iran (Islamic Rep. of),4499.0,5056
2009,Canada,Iraq,1760.0,2179
2009,Canada,Ireland,7.0,10
2009,Canada,Israel,636.0,1557
2009,Canada,Italy,13.0,34
2009,Canada,Jamaica,337.0,839
2009,Canada,Japan,16.0,31
2009,Canada,Jordan,304.0,494
2009,Canada,Kazakhstan,300.0,333
2009,Canada,Kenya,849.0,1050
2009,Canada,Kiribati,1.0,1
2009,Canada,Kuwait,104.0,120
2009,Canada,Kyrgyzstan,196.0,213
2009,Canada,Lao People's Dem. Rep.,5.0,44
2009,Canada,Latvia,67.0,128
2009,Canada,Lebanon,1128.0,1451
2009,Canada,Lesotho,5.0,8
2009,Canada,Liberia,103.0,195
2009,Canada,Libya,305.0,366
2009,Canada,Lithuania,113.0,177
2009,Canada,Madagascar,10.0,20
2009,Canada,Malawi,21.0,33
2009,Canada,Malaysia,265.0,307
2009,Canada,Maldives,1.0,1
2009,Canada,Mali,125.0,151
2009,Canada,Malta,3.0,3
2009,Canada,Mauritania,268.0,312
2009,Canada,Mauritius,7.0,12
2009,Canada,Mexico,5000.0,18873
2009,Canada,Mongolia,108.0,161
2009,Canada,Montenegro,2.0,19
2009,Canada,Morocco,174.0,262
2009,Canada,Mozambique,5.0,6
2009,Canada,Myanmar,257.0,272
2009,Canada,Namibia,22.0,65
2009,Canada,Nepal,809.0,1078
2009,Canada,Netherlands,27.0,40
2009,Canada,New Zealand,1.0,1
2009,Canada,Nicaragua,172.0,251
2009,Canada,Niger,56.0,88
2009,Canada,Nigeria,2962.0,4595
2009,Canada,Norway,1.0,6
2009,Canada,Oman,10.0,15
2009,Canada,Pakistan,15346.0,16085
2009,Canada,Palau,,0
2009,Canada,Palestinian,537.0,712
2009,Canada,Panama,44.0,80
2009,Canada,Papua New Guinea,,2
2009,Canada,Paraguay,36.0,56
2009,Canada,Peru,2303.0,2667
2009,Canada,Philippines,294.0,596
2009,Canada,Poland,519.0,675
2009,Canada,Portugal,12.0,53
2009,Canada,Puerto Rico,,0
2009,Canada,Qatar,4.0,7
2009,Canada,Rep. of Korea,290.0,551
2009,Canada,Rep. of Moldova,185.0,307
2009,Canada,Romania,1088.0,1256
2009,Canada,Russian Federation,2612.0,3001
2009,Canada,Rwanda,1550.0,1923
2009,Canada,Saint Kitts and Nevis,2.0,13
2009,Canada,Saint Lucia,312.0,909
2009,Canada,Saint Vincent and the Grenadines,847.0,1919
2009,Canada,San Marino,,0
2009,Canada,Saudi Arabia,126.0,144
2009,Canada,Senegal,172.0,244
2009,Canada,Serbia and Kosovo (S/RES/1244 (1999)),763.0,989
2009,Canada,Seychelles,10.0,17
2009,Canada,Sierra Leone,254.0,287
2009,Canada,Singapore,25.0,29
2009,Canada,Slovakia,35.0,360
2009,Canada,Slovenia,9.0,25
2009,Canada,Solomon Islands,33.0,33
2009,Canada,Somalia,5150.0,6085
2009,Canada,South Africa,38.0,82
2009,Canada,Spain,15.0,48
2009,Canada,Sri Lanka,19143.0,19906
2009,Canada,Stateless,1677.0,1683
2009,Canada,Sudan,1615.0,1674
2009,Canada,Suriname,6.0,13
2009,Canada,Swaziland,17.0,70
2009,Canada,Sweden,6.0,18
2009,Canada,Switzerland,9.0,12
2009,Canada,Syrian Arab Rep.,577.0,760
2009,Canada,Tajikistan,45.0,58
2009,Canada,Thailand,37.0,251
2009,Canada,The former Yugoslav Republic of Macedonia,137.0,193
2009,Canada,Tibetan,58.0,58
2009,Canada,Togo,282.0,326
2009,Canada,Tonga,,0
2009,Canada,Trinidad and Tobago,186.0,434
2009,Canada,Tunisia,225.0,310
2009,Canada,Turkey,4611.0,5097
2009,Canada,Turkmenistan,23.0,27
2009,Canada,Uganda,616.0,737
2009,Canada,Ukraine,1914.0,2292
2009,Canada,United Arab Emirates,30.0,52
2009,Canada,United Kingdom,57.0,77
2009,Canada,United Rep. of Tanzania,569.0,637
2009,Canada,United States of America,2019.0,3438
2009,Canada,Uruguay,150.0,204
2009,Canada,Uzbekistan,243.0,287
2009,Canada,Vanuatu,,1
2009,Canada,Various/Unknown,143.0,169
2009,Canada,Venezuela (Bolivarian Republic of),721.0,1126
2009,Canada,Viet Nam,171.0,214
2009,Canada,Yemen,286.0,319
2009,Canada,Zambia,43.0,66
2009,Canada,Zimbabwe,3740.0,4318
2010,Canada,Afghanistan,2727.0,3319
2010,Canada,Albania,2166.0,2673
2010,Canada,Algeria,877.0,1133
2010,Canada,Angola,1030.0,1053
2010,Canada,Antigua and Barbuda,28.0,55
2010,Canada,Argentina,363.0,426
2010,Canada,Armenia,179.0,219
2010,Canada,Aruba,,1
2010,Canada,Australia,3.0,13
2010,Canada,Austria,,1
2010,Canada,Azerbaijan,714.0,751
2010,Canada,Bahamas,3.0,31
2010,Canada,Bahrain,5.0,11
2010,Canada,Bangladesh,2213.0,2464
2010,Canada,Barbados,29.0,92
2010,Canada,Belarus,327.0,367
2010,Canada,Belgium,16.0,22
2010,Canada,Belize,5.0,10
2010,Canada,Benin,61.0,71
2010,Canada,Bermuda,,1
2010,Canada,Bhutan,18.0,20
2010,Canada,Bolivia (Plurinational State of),165.0,193
2010,Canada,Bosnia and Herzegovina,104.0,174
2010,Canada,Botswana,38.0,208
2010,Canada,Brazil,168.0,347
2010,Canada,Bulgaria,1119.0,1190
2010,Canada,Burkina Faso,140.0,165
2010,Canada,Burundi,1968.0,2180
2010,Canada,Cabo Verde,,1
2010,Canada,Cambodia,161.0,186
2010,Canada,Cameroon,746.0,992
2010,Canada,Central African Rep.,60.0,62
2010,Canada,Chad,617.0,668
2010,Canada,Chile,162.0,272
2010,Canada,China,16451.0,19422
2010,Canada,"China, Hong Kong SAR",6.0,87
2010,Canada,Colombia,16054.0,18746
2010,Canada,Comoros,6.0,7
2010,Canada,Congo,348.0,435
2010,Canada,Costa Rica,320.0,394
2010,Canada,Croatia,69.0,321
2010,Canada,Cuba,1821.0,2085
2010,Canada,Cyprus,1.0,2
2010,Canada,Czech Rep.,275.0,1398
2010,Canada,Cote d'Ivoire,421.0,507
2010,Canada,Dem. People's Rep. of Korea,23.0,202
2010,Canada,Dem. Rep. of the Congo,4725.0,5407
2010,Canada,Denmark,6.0,7
2010,Canada,Djibouti,275.0,468
2010,Canada,Dominica,43.0,59
2010,Canada,Dominican Rep.,129.0,304
2010,Canada,Ecuador,226.0,317
2010,Canada,Egypt,573.0,737
2010,Canada,El Salvador,912.0,2029
2010,Canada,Equatorial Guinea,11.0,21
2010,Canada,Eritrea,1136.0,1383
2010,Canada,Estonia,17.0,32
2010,Canada,Ethiopia,1761.0,2006
2010,Canada,Fiji,542.0,621
2010,Canada,Finland,,2
2010,Canada,France,36.0,69
2010,Canada,Gabon,54.0,69
2010,Canada,Gambia,49.0,81
2010,Canada,Georgia,495.0,672
2010,Canada,Germany,80.0,105
2010,Canada,Ghana,379.0,496
2010,Canada,Greece,12.0,43
2010,Canada,Grenada,325.0,388
2010,Canada,Guatemala,678.0,1297
2010,Canada,Guinea,1094.0,1279
2010,Canada,Guinea-Bissau,23.0,30
2010,Canada,Guyana,602.0,762
2010,Canada,Haiti,2906.0,6842
2010,Canada,Honduras,492.0,1104
2010,Canada,Hungary,1081.0,4615
2010,Canada,Iceland,,2
2010,Canada,India,5954.0,7098
2010,Canada,Indonesia,374.0,430
2010,Canada,Iran (Islamic Rep. of),3819.0,4336
2010,Canada,Iraq,1730.0,2021
2010,Canada,Ireland,7.0,9
2010,Canada,Israel,622.0,1272
2010,Canada,Italy,13.0,55
2010,Canada,Jamaica,348.0,868
2010,Canada,Japan,15.0,18
2010,Canada,Jordan,322.0,457
2010,Canada,Kazakhstan,229.0,275
2010,Canada,Kenya,882.0,1035
2010,Canada,Kiribati,1.0,2
2010,Canada,Kuwait,73.0,105
2010,Canada,Kyrgyzstan,185.0,207
2010,Canada,Lao People's Dem. Rep.,5.0,44
2010,Canada,Latvia,51.0,218
2010,Canada,Lebanon,1133.0,1405
2010,Canada,Lesotho,5.0,8
2010,Canada,Liberia,99.0,172
2010,Canada,Libya,292.0,366
2010,Canada,Lithuania,114.0,217
2010,Canada,Madagascar,10.0,18
2010,Canada,Malawi,21.0,35
2010,Canada,Malaysia,265.0,285
2010,Canada,Maldives,1.0,1
2010,Canada,Mali,119.0,143
2010,Canada,Malta,2.0,3
2010,Canada,Mauritania,284.0,340
2010,Canada,Mauritius,7.0,9
2010,Canada,Mexico,5281.0,14603
2010,Canada,Mongolia,113.0,161
2010,Canada,Montenegro,2.0,25
2010,Canada,Morocco,167.0,263
2010,Canada,Mozambique,6.0,7
2010,Canada,Myanmar,265.0,284
2010,Canada,Namibia,26.0,361
2010,Canada,Nepal,863.0,1085
2010,Canada,Netherlands,29.0,45
2010,Canada,New Zealand,2.0,3
2010,Canada,Nicaragua,132.0,219
2010,Canada,Niger,57.0,86
2010,Canada,Nigeria,3171.0,4723
2010,Canada,Norway,1.0,1
2010,Canada,Oman,10.0,16
2010,Canada,Pakistan,14526.0,15347
2010,Canada,Palestinian,584.0,693
2010,Canada,Panama,45.0,86
2010,Canada,Papua New Guinea,,1
2010,Canada,Paraguay,40.0,51
2010,Canada,Peru,2209.0,2466
2010,Canada,Philippines,300.0,572
2010,Canada,Poland,477.0,609
2010,Canada,Portugal,12.0,72
2010,Canada,Qatar,4.0,11
2010,Canada,Rep. of Korea,296.0,484
2010,Canada,Rep. of Moldova,161.0,280
2010,Canada,Romania,952.0,1160
2010,Canada,Russian Federation,2311.0,2675
2010,Canada,Rwanda,1494.0,1769
2010,Canada,Saint Kitts and Nevis,4.0,16
2010,Canada,Saint Lucia,328.0,1011
2010,Canada,Saint Vincent and the Grenadines,941.0,1988
2010,Canada,San Marino,1.0,1
2010,Canada,Saudi Arabia,122.0,157
2010,Canada,Senegal,172.0,254
2010,Canada,Serbia and Kosovo (S/RES/1244 (1999)),573.0,836
2010,Canada,Seychelles,10.0,12
2010,Canada,Sierra Leone,233.0,250
2010,Canada,Singapore,26.0,36
2010,Canada,Slovakia,28.0,447
2010,Canada,Slovenia,9.0,24
2010,Canada,Solomon Islands,38.0,38
2010,Canada,Somalia,4149.0,5024
2010,Canada,South Africa,37.0,90
2010,Canada,Spain,13.0,53
2010,Canada,Sri Lanka,16967.0,18250
2010,Canada,Stateless,1738.0,1740
2010,Canada,Sudan,1431.0,1490
2010,Canada,Suriname,10.0,14
2010,Canada,Swaziland,19.0,64
2010,Canada,Sweden,7.0,30
2010,Canada,Switzerland,10.0,11
2010,Canada,Syrian Arab Rep.,545.0,766
2010,Canada,Tajikistan,44.0,57
2010,Canada,Thailand,37.0,130
2010,Canada,The former Yugoslav Republic of Macedonia,123.0,180
2010,Canada,Tibetan,58.0,58
2010,Canada,Togo,274.0,307
2010,Canada,Trinidad and Tobago,192.0,333
2010,Canada,Tunisia,223.0,307
2010,Canada,Turkey,4465.0,4988
2010,Canada,Turkmenistan,23.0,28
2010,Canada,Turks and Caicos Islands,,2
2010,Canada,US Virgin Islands,,0
2010,Canada,Uganda,682.0,790
2010,Canada,Ukraine,1871.0,2212
2010,Canada,United Arab Emirates,30.0,49
2010,Canada,United Kingdom,57.0,89
2010,Canada,United Rep. of Tanzania,568.0,618
2010,Canada,United States of America,2637.0,3455
2010,Canada,Uruguay,147.0,191
2010,Canada,Uzbekistan,247.0,312
2010,Canada,Vanuatu,,1
2010,Canada,Various/Unknown,118.0,123
2010,Canada,Venezuela (Bolivarian Republic of),680.0,1034
2010,Canada,Viet Nam,163.0,196
2010,Canada,Yemen,274.0,304
2010,Canada,Zambia,52.0,69
2010,Canada,Zimbabwe,3986.0,4312
2011,Canada,Afghanistan,2659.0,3109
2011,Canada,Albania,1900.0,2343
2011,Canada,Algeria,628.0,911
2011,Canada,Angola,893.0,903
2011,Canada,Antigua and Barbuda,27.0,59
2011,Canada,Argentina,312.0,350
2011,Canada,Armenia,192.0,247
2011,Canada,Aruba,,0
2011,Canada,Australia,3.0,8
2011,Canada,Austria,,0
2011,Canada,Azerbaijan,683.0,725
2011,Canada,Bahamas,10.0,45
2011,Canada,Bahrain,5.0,15
2011,Canada,Bangladesh,2076.0,2299
2011,Canada,Barbados,42.0,115
2011,Canada,Belarus,311.0,343
2011,Canada,Belgium,17.0,18
2011,Canada,Belize,5.0,14
2011,Canada,Benin,56.0,76
2011,Canada,Bermuda,,5
2011,Canada,Bhutan,18.0,18
2011,Canada,Bolivia (Plurinational State of),159.0,181
2011,Canada,Bosnia and Herzegovina,93.0,202
2011,Canada,Botswana,69.0,219
2011,Canada,Brazil,169.0,264
2011,Canada,Brunei Darussalam,,1
2011,Canada,Bulgaria,1011.0,1080
2011,Canada,Burkina Faso,149.0,174
2011,Canada,Burundi,2148.0,2370
2011,Canada,Cabo Verde,,0
2011,Canada,Cambodia,174.0,231
2011,Canada,Cameroon,798.0,985
2011,Canada,Cayman Islands,,2
2011,Canada,Central African Rep.,63.0,68
2011,Canada,Chad,568.0,599
2011,Canada,Chile,134.0,212
2011,Canada,China,17024.0,20189
2011,Canada,"China, Hong Kong SAR",6.0,6
2011,Canada,Colombia,17243.0,19125
2011,Canada,Comoros,4.0,5
2011,Canada,Congo,312.0,400
2011,Canada,Costa Rica,289.0,323
2011,Canada,Croatia,61.0,708
2011,Canada,Cuba,1739.0,1937
2011,Canada,Cyprus,1.0,3
2011,Canada,Czech Rep.,237.0,888
2011,Canada,Cote d'Ivoire,427.0,559
2011,Canada,Dem. People's Rep. of Korea,64.0,457
2011,Canada,Dem. Rep. of the Congo,4381.0,5011
2011,Canada,Denmark,6.0,6
2011,Canada,Djibouti,246.0,455
2011,Canada,Dominica,39.0,45
2011,Canada,Dominican Rep.,134.0,308
2011,Canada,Ecuador,229.0,290
2011,Canada,Egypt,555.0,748
2011,Canada,El Salvador,1023.0,1853
2011,Canada,Equatorial Guinea,12.0,14
2011,Canada,Eritrea,1350.0,1500
2011,Canada,Estonia,15.0,40
2011,Canada,Ethiopia,1928.0,2105
2011,Canada,Fiji,527.0,570
2011,Canada,Finland,1.0,5
2011,Canada,France,35.0,81
2011,Canada,Gabon,52.0,71
2011,Canada,Gambia,51.0,71
2011,Canada,Georgia,506.0,637
2011,Canada,Germany,84.0,101
2011,Canada,Ghana,370.0,474
2011,Canada,Greece,13.0,46
2011,Canada,Grenada,303.0,339
2011,Canada,Guatemala,707.0,1187
2011,Canada,Guinea,1018.0,1191
2011,Canada,Guinea-Bissau,23.0,27
2011,Canada,Guyana,626.0,711
2011,Canada,Haiti,4963.0,6332
2011,Canada,Honduras,538.0,1037
2011,Canada,Hungary,893.0,6868
2011,Canada,Iceland,,1
2011,Canada,India,5621.0,6794
2011,Canada,Indonesia,368.0,415
2011,Canada,Iran (Islamic Rep. of),3440.0,3869
2011,Canada,Iraq,1712.0,2492
2011,Canada,Ireland,7.0,11
2011,Canada,Israel,646.0,1032
2011,Canada,Italy,13.0,45
2011,Canada,Jamaica,408.0,825
2011,Canada,Japan,19.0,50
2011,Canada,Jordan,366.0,475
2011,Canada,Kazakhstan,189.0,250
2011,Canada,Kenya,942.0,1022
2011,Canada,Kiribati,1.0,1
2011,Canada,Kuwait,70.0,104
2011,Canada,Kyrgyzstan,165.0,185
2011,Canada,Lao People's Dem. Rep.,5.0,16
2011,Canada,Latvia,47.0,181
2011,Canada,Lebanon,1104.0,1316
2011,Canada,Lesotho,5.0,6
2011,Canada,Liberia,106.0,138
2011,Canada,Libya,246.0,424
2011,Canada,Lithuania,109.0,207
2011,Canada,Madagascar,10.0,16
2011,Canada,Malawi,23.0,31
2011,Canada,Malaysia,235.0,267
2011,Canada,Maldives,1.0,1
2011,Canada,Mali,109.0,138
2011,Canada,Malta,2.0,2
2011,Canada,Mauritania,292.0,337
2011,Canada,Mauritius,7.0,10
2011,Canada,Mexico,5574.0,9571
2011,Canada,Mongolia,119.0,142
2011,Canada,Montenegro,3.0,17
2011,Canada,Morocco,174.0,265
2011,Canada,Mozambique,6.0,7
2011,Canada,Myanmar,277.0,286
2011,Canada,Namibia,31.0,1086
2011,Canada,Nepal,986.0,1063
2011,Canada,Netherlands,34.0,61
2011,Canada,New Zealand,2.0,4
2011,Canada,Nicaragua,119.0,195
2011,Canada,Niger,71.0,94
2011,Canada,Nigeria,3608.0,4521
2011,Canada,Norway,1.0,6
2011,Canada,Oman,11.0,12
2011,Canada,Pakistan,13149.0,14218
2011,Canada,Palestinian,636.0,695
2011,Canada,Panama,45.0,76
2011,Canada,Papua New Guinea,,0
2011,Canada,Paraguay,44.0,50
2011,Canada,Peru,2048.0,2289
2011,Canada,Philippines,310.0,475
2011,Canada,Poland,421.0,751
2011,Canada,Portugal,12.0,79
2011,Canada,Puerto Rico,,0
2011,Canada,Qatar,4.0,11
2011,Canada,Rep. of Korea,290.0,416
2011,Canada,Rep. of Moldova,168.0,248
2011,Canada,Romania,800.0,1169
2011,Canada,Russian Federation,1931.0,2238
2011,Canada,Rwanda,1537.0,1739
2011,Canada,Saint Kitts and Nevis,7.0,21
2011,Canada,Saint Lucia,423.0,1102
2011,Canada,Saint Vincent and the Grenadines,1121.0,2026
2011,Canada,San Marino,1.0,1
2011,Canada,Saudi Arabia,129.0,168
2011,Canada,Senegal,177.0,261
2011,Canada,Serbia and Kosovo (S/RES/1244 (1999)),443.0,656
2011,Canada,Seychelles,10.0,11
2011,Canada,Sierra Leone,221.0,243
2011,Canada,Singapore,27.0,40
2011,Canada,Sint Maarten (Dutch part),,0
2011,Canada,Slovakia,24.0,550
2011,Canada,Slovenia,9.0,16
2011,Canada,Solomon Islands,43.0,43
2011,Canada,Somalia,3629.0,4071
2011,Canada,South Africa,30.0,68
2011,Canada,Spain,14.0,78
2011,Canada,Sri Lanka,15174.0,16606
2011,Canada,Stateless,1737.0,1739
2011,Canada,Sudan,1238.0,1309
2011,Canada,Suriname,10.0,12
2011,Canada,Swaziland,25.0,71
2011,Canada,Sweden,8.0,21
2011,Canada,Switzerland,10.0,11
2011,Canada,Syrian Arab Rep.,547.0,798
2011,Canada,Tajikistan,43.0,58
2011,Canada,Thailand,35.0,72
2011,Canada,The former Yugoslav Republic of Macedonia,117.0,169
2011,Canada,Tibetan,58.0,58
2011,Canada,Togo,262.0,297
2011,Canada,Trinidad and Tobago,221.0,288
2011,Canada,Tunisia,201.0,321
2011,Canada,Turkey,4255.0,4768
2011,Canada,Turkmenistan,17.0,22
2011,Canada,Turks and Caicos Islands,,6
2011,Canada,Uganda,749.0,819
2011,Canada,Ukraine,1788.0,2071
2011,Canada,United Arab Emirates,30.0,36
2011,Canada,United Kingdom,64.0,96
2011,Canada,United Rep. of Tanzania,560.0,580
2011,Canada,United States of America,3384.0,3925
2011,Canada,Uruguay,147.0,188
2011,Canada,Uzbekistan,259.0,317
2011,Canada,Vanuatu,,1
2011,Canada,Various/Unknown,105.0,137
2011,Canada,Venezuela (Bolivarian Republic of),742.0,994
2011,Canada,Viet Nam,161.0,194
2011,Canada,Yemen,266.0,294
2011,Canada,Zambia,53.0,65
2011,Canada,Zimbabwe,4223.0,4296
2012,Canada,Afghanistan,2609.0,3020
2012,Canada,Albania,1764.0,2343
2012,Canada,Algeria,513.0,797
2012,Canada,Angola,753.0,774
2012,Canada,Antigua and Barbuda,40.0,70
2012,Canada,Argentina,258.0,277
2012,Canada,Armenia,200.0,236
2012,Canada,Australia,6.0,10
2012,Canada,Austria,,4
2012,Canada,Azerbaijan,598.0,640
2012,Canada,Bahamas,15.0,47
2012,Canada,Bahrain,5.0,9
2012,Canada,Bangladesh,1917.0,2152
2012,Canada,Barbados,50.0,106
2012,Canada,Belarus,300.0,323
2012,Canada,Belgium,17.0,30
2012,Canada,Belize,6.0,7
2012,Canada,Benin,56.0,68
2012,Canada,Bermuda,,4
2012,Canada,Bhutan,19.0,19
2012,Canada,Bolivia (Plurinational State of),160.0,177
2012,Canada,Bosnia and Herzegovina,91.0,152
2012,Canada,Botswana,109.0,208
2012,Canada,Brazil,175.0,248
2012,Canada,Brunei Darussalam,,0
2012,Canada,Bulgaria,928.0,990
2012,Canada,Burkina Faso,141.0,161
2012,Canada,Burundi,2315.0,2494
2012,Canada,Cabo Verde,,1
2012,Canada,Cambodia,176.0,241
2012,Canada,Cameroon,864.0,1021
2012,Canada,Cayman Islands,,0
2012,Canada,Central African Rep.,63.0,68
2012,Canada,Chad,543.0,565
2012,Canada,Chile,124.0,156
2012,Canada,China,16813.0,19978
2012,Canada,"China, Hong Kong SAR",12.0,68
2012,Canada,Colombia,17563.0,18817
2012,Canada,Comoros,4.0,7
2012,Canada,Congo,287.0,333
2012,Canada,Costa Rica,282.0,300
2012,Canada,Croatia,57.0,1229
2012,Canada,Cuba,1708.0,1874
2012,Canada,Cyprus,1.0,2
2012,Canada,Czech Rep.,222.0,410
2012,Canada,Cote d'Ivoire,420.0,512
2012,Canada,Dem. People's Rep. of Korea,119.0,941
2012,Canada,Dem. Rep. of the Congo,4211.0,4681
2012,Canada,Denmark,6.0,6
2012,Canada,Djibouti,233.0,378
2012,Canada,Dominica,41.0,48
2012,Canada,Dominican Rep.,148.0,250
2012,Canada,Ecuador,216.0,257
2012,Canada,Egypt,597.0,836
2012,Canada,El Salvador,1122.0,1753
2012,Canada,Equatorial Guinea,12.0,19
2012,Canada,Eritrea,1547.0,1733
2012,Canada,Estonia,12.0,29
2012,Canada,Ethiopia,2059.0,2212
2012,Canada,Fiji,395.0,414
2012,Canada,Finland,2.0,8
2012,Canada,France,40.0,73
2012,Canada,Gabon,55.0,66
2012,Canada,Gambia,59.0,93
2012,Canada,Georgia,504.0,640
2012,Canada,Germany,89.0,104
2012,Canada,Ghana,356.0,448
2012,Canada,Greece,14.0,121
2012,Canada,Grenada,292.0,320
2012,Canada,Guatemala,770.0,1064
2012,Canada,Guinea,914.0,1056
2012,Canada,Guinea-Bissau,24.0,26
2012,Canada,Guyana,638.0,693
2012,Canada,Haiti,6798.0,7359
2012,Canada,Honduras,596.0,1010
2012,Canada,Hungary,766.0,4463
2012,Canada,Iceland,,0
2012,Canada,India,5287.0,6571
2012,Canada,Indonesia,351.0,390
2012,Canada,Iran (Islamic Rep. of),3212.0,3608
2012,Canada,Iraq,1745.0,2460
2012,Canada,Ireland,7.0,17
2012,Canada,Israel,673.0,956
2012,Canada,Italy,15.0,56
2012,Canada,Jamaica,504.0,830
2012,Canada,Japan,20.0,47
2012,Canada,Jordan,402.0,516
2012,Canada,Kazakhstan,149.0,243
2012,Canada,Kenya,996.0,1063
2012,Canada,Kiribati,3.0,3
2012,Canada,Kuwait,64.0,80
2012,Canada,Kyrgyzstan,128.0,141
2012,Canada,Lao People's Dem. Rep.,6.0,9
2012,Canada,Latvia,44.0,128
2012,Canada,Lebanon,1104.0,1271
2012,Canada,Lesotho,5.0,5
2012,Canada,Liberia,120.0,131
2012,Canada,Libya,241.0,347
2012,Canada,Lithuania,103.0,171
2012,Canada,Luxembourg,,1
2012,Canada,Madagascar,10.0,21
2012,Canada,Malawi,23.0,25
2012,Canada,Malaysia,214.0,242
2012,Canada,Maldives,1.0,1
2012,Canada,Mali,99.0,147
2012,Canada,Malta,2.0,2
2012,Canada,Mauritania,299.0,322
2012,Canada,Mauritius,6.0,12
2012,Canada,Mexico,5995.0,7367
2012,Canada,Mongolia,127.0,151
2012,Canada,Montenegro,14.0,20
2012,Canada,Morocco,169.0,245
2012,Canada,Mozambique,6.0,6
2012,Canada,Myanmar,276.0,287
2012,Canada,Namibia,38.0,588
2012,Canada,Nepal,1128.0,1188
2012,Canada,Netherlands,34.0,57
2012,Canada,New Zealand,2.0,2
2012,Canada,Nicaragua,138.0,192
2012,Canada,Niger,69.0,81
2012,Canada,Nigeria,3990.0,4667
2012,Canada,Norway,2.0,7
2012,Canada,Oman,12.0,13
2012,Canada,Pakistan,11605.0,12791
2012,Canada,Palestinian,674.0,727
2012,Canada,Panama,47.0,73
2012,Canada,Papua New Guinea,,1
2012,Canada,Paraguay,48.0,51
2012,Canada,Peru,1905.0,2083
2012,Canada,Philippines,322.0,426
2012,Canada,Poland,359.0,618
2012,Canada,Portugal,12.0,51
2012,Canada,Qatar,4.0,9
2012,Canada,Rep. of Korea,282.0,374
2012,Canada,Rep. of Moldova,187.0,241
2012,Canada,Romania,690.0,1201
2012,Canada,Russian Federation,1756.0,2044
2012,Canada,Rwanda,1654.0,1778
2012,Canada,Saint Kitts and Nevis,10.0,30
2012,Canada,Saint Lucia,551.0,1063
2012,Canada,Saint Vincent and the Grenadines,1305.0,1791
2012,Canada,San Marino,1.0,1
2012,Canada,Saudi Arabia,131.0,164
2012,Canada,Senegal,183.0,250
2012,Canada,Serbia and Kosovo (S/RES/1244 (1999)),400.0,575
2012,Canada,Seychelles,10.0,10
2012,Canada,Sierra Leone,206.0,219
2012,Canada,Singapore,27.0,37
2012,Canada,Slovakia,22.0,556
2012,Canada,Slovenia,9.0,21
2012,Canada,Solomon Islands,39.0,39
2012,Canada,Somalia,3459.0,3846
2012,Canada,South Africa,35.0,69
2012,Canada,Spain,16.0,81
2012,Canada,Sri Lanka,13705.0,14894
2012,Canada,Stateless,1738.0,1741
2012,Canada,Sudan,1100.0,1205
2012,Canada,Suriname,9.0,10
2012,Canada,Swaziland,39.0,100
2012,Canada,Sweden,3.0,18
2012,Canada,Switzerland,11.0,15
2012,Canada,Syrian Arab Rep.,533.0,937
2012,Canada,Tajikistan,50.0,63
2012,Canada,Thailand,35.0,50
2012,Canada,The former Yugoslav Republic of Macedonia,97.0,129
2012,Canada,Togo,251.0,276
2012,Canada,Trinidad and Tobago,241.0,287
2012,Canada,Tunisia,204.0,315
2012,Canada,Turkey,3838.0,4372
2012,Canada,Turkmenistan,18.0,21
2012,Canada,Turks and Caicos Islands,,9
2012,Canada,Uganda,809.0,866
2012,Canada,Ukraine,1737.0,2047
2012,Canada,United Arab Emirates,28.0,35
2012,Canada,United Kingdom,69.0,83
2012,Canada,United Rep. of Tanzania,513.0,543
2012,Canada,United States of America,4045.0,4408
2012,Canada,Uruguay,139.0,167
2012,Canada,Uzbekistan,274.0,316
2012,Canada,Vanuatu,,0
2012,Canada,Various/Unknown,87.0,193
2012,Canada,Venezuela (Bolivarian Republic of),797.0,972
2012,Canada,Viet Nam,148.0,173
2012,Canada,Yemen,240.0,276
2012,Canada,Zambia,56.0,62
2012,Canada,Zimbabwe,4341.0,4408
2013,Canada,Afghanistan,2700.0,3085
2013,Canada,Albania,1706.0,2137
2013,Canada,Algeria,443.0,617
2013,Canada,Angola,650.0,670
2013,Canada,Antigua and Barbuda,45.0,73
2013,Canada,Argentina,239.0,250
2013,Canada,Armenia,190.0,206
2013,Canada,Australia,6.0,10
2013,Canada,Austria,,5
2013,Canada,Azerbaijan,550.0,570
2013,Canada,Bahamas,23.0,40
2013,Canada,Bahrain,6.0,14
2013,Canada,Bangladesh,1764.0,2009
2013,Canada,Barbados,63.0,97
2013,Canada,Belarus,268.0,280
2013,Canada,Belgium,16.0,24
2013,Canada,Belize,7.0,9
2013,Canada,Benin,46.0,52
2013,Canada,Bermuda,,1
2013,Canada,Bhutan,22.0,22
2013,Canada,Bolivia (Plurinational State of),152.0,159
2013,Canada,Bosnia and Herzegovina,85.0,106
2013,Canada,Botswana,149.0,218
2013,Canada,Brazil,177.0,202
2013,Canada,Bulgaria,813.0,851
2013,Canada,Burkina Faso,146.0,156
2013,Canada,Burundi,2278.0,2403
2013,Canada,Cabo Verde,,0
2013,Canada,Cambodia,186.0,237
2013,Canada,Cameroon,932.0,1083
2013,Canada,Central African Rep.,64.0,69
2013,Canada,Chad,519.0,548
2013,Canada,Chile,130.0,143
2013,Canada,China,15344.0,17814
2013,Canada,"China, Hong Kong SAR",19.0,53
2013,Canada,Colombia,17381.0,18187
2013,Canada,Comoros,4.0,6
2013,Canada,Congo,265.0,293
2013,Canada,Costa Rica,267.0,275
2013,Canada,Croatia,70.0,939
2013,Canada,Cuba,1674.0,1821
2013,Canada,Cyprus,1.0,2
2013,Canada,Czech Rep.,238.0,326
2013,Canada,Cote d'Ivoire,423.0,479
2013,Canada,Dem. People's Rep. of Korea,127.0,837
2013,Canada,Dem. Rep. of the Congo,3874.0,4189
2013,Canada,Denmark,6.0,6
2013,Canada,Djibouti,289.0,403
2013,Canada,Dominica,30.0,35
2013,Canada,Dominican Rep.,167.0,231
2013,Canada,Ecuador,216.0,245
2013,Canada,Egypt,638.0,852
2013,Canada,El Salvador,1223.0,1578
2013,Canada,Equatorial Guinea,12.0,16
2013,Canada,Eritrea,1676.0,1859
2013,Canada,Estonia,14.0,14
2013,Canada,Ethiopia,2163.0,2316
2013,Canada,Fiji,273.0,278
2013,Canada,Finland,2.0,5
2013,Canada,France,36.0,52
2013,Canada,Gabon,55.0,60
2013,Canada,Gambia,72.0,101
2013,Canada,Georgia,485.0,594
2013,Canada,Germany,90.0,100
2013,Canada,Ghana,361.0,456
2013,Canada,Greece,18.0,97
2013,Canada,Grenada,304.0,325
2013,Canada,Guatemala,864.0,1017
2013,Canada,Guinea,839.0,954
2013,Canada,Guinea-Bissau,20.0,21
2013,Canada,Guyana,640.0,686
2013,Canada,Haiti,7872.0,8220
2013,Canada,Honduras,679.0,913
2013,Canada,Hungary,765.0,2667
2013,Canada,India,4988.0,5996
2013,Canada,Indonesia,358.0,376
2013,Canada,Iran (Islamic Rep. of),3033.0,3342
2013,Canada,Iraq,1730.0,2230
2013,Canada,Ireland,7.0,22
2013,Canada,Israel,687.0,830
2013,Canada,Italy,17.0,55
2013,Canada,Jamaica,621.0,854
2013,Canada,Japan,26.0,40
2013,Canada,Jordan,414.0,479
2013,Canada,Kazakhstan,149.0,222
2013,Canada,Kenya,1019.0,1075
2013,Canada,Kiribati,3.0,3
2013,Canada,Kuwait,51.0,77
2013,Canada,Kyrgyzstan,120.0,129
2013,Canada,Lao People's Dem. Rep.,6.0,7
2013,Canada,Latvia,55.0,89
2013,Canada,Lebanon,1103.0,1255
2013,Canada,Lesotho,5.0,5
2013,Canada,Liberia,134.0,139
2013,Canada,Libya,230.0,300
2013,Canada,Lithuania,108.0,146
2013,Canada,Luxembourg,,1
2013,Canada,Madagascar,16.0,27
2013,Canada,Malawi,28.0,29
2013,Canada,Malaysia,193.0,209
2013,Canada,Maldives,1.0,1
2013,Canada,Mali,87.0,126
2013,Canada,Malta,2.0,2
2013,Canada,Mauritania,294.0,313
2013,Canada,Mauritius,7.0,13
2013,Canada,Mexico,6512.0,6962
2013,Canada,Mongolia,127.0,149
2013,Canada,Montenegro,18.0,22
2013,Canada,Morocco,173.0,212
2013,Canada,Mozambique,6.0,6
2013,Canada,Myanmar,283.0,289
2013,Canada,Namibia,106.0,360
2013,Canada,Nepal,1212.0,1261
2013,Canada,Netherlands,34.0,46
2013,Canada,New Zealand,2.0,2
2013,Canada,Nicaragua,132.0,146
2013,Canada,Niger,81.0,87
2013,Canada,Nigeria,4441.0,5132
2013,Canada,Norway,3.0,3
2013,Canada,Oman,15.0,16
2013,Canada,Pakistan,10641.0,11499
2013,Canada,Palestinian,682.0,735
2013,Canada,Panama,48.0,58
2013,Canada,Papua New Guinea,,0
2013,Canada,Paraguay,47.0,47
2013,Canada,Peru,1757.0,1855
2013,Canada,Philippines,321.0,378
2013,Canada,Poland,325.0,458
2013,Canada,Portugal,12.0,38
2013,Canada,Qatar,5.0,5
2013,Canada,Rep. of Korea,280.0,325
2013,Canada,Rep. of Moldova,198.0,230
2013,Canada,Romania,577.0,902
2013,Canada,Russian Federation,1527.0,1727
2013,Canada,Rwanda,1655.0,1751
2013,Canada,Saint Kitts and Nevis,12.0,33
2013,Canada,Saint Lucia,697.0,941
2013,Canada,Saint Vincent and the Grenadines,1524.0,1747
2013,Canada,San Marino,1.0,1
2013,Canada,Saudi Arabia,135.0,163
2013,Canada,Senegal,197.0,252
2013,Canada,Serbia and Kosovo (S/RES/1244 (1999)),418.0,540
2013,Canada,Seychelles,10.0,10
2013,Canada,Sierra Leone,187.0,196
2013,Canada,Singapore,28.0,35
2013,Canada,Slovakia,30.0,394
2013,Canada,Slovenia,9.0,20
2013,Canada,Solomon Islands,39.0,39
2013,Canada,Somalia,3225.0,3531
2013,Canada,South Africa,45.0,67
2013,Canada,Spain,20.0,53
2013,Canada,Sri Lanka,12326.0,13189
2013,Canada,Stateless,1708.0,1710
2013,Canada,Sudan,905.0,1005
2013,Canada,Suriname,8.0,8
2013,Canada,Swaziland,71.0,101
2013,Canada,Sweden,3.0,6
2013,Canada,Switzerland,11.0,11
2013,Canada,Syrian Arab Rep.,592.0,1027
2013,Canada,Tajikistan,54.0,66
2013,Canada,Thailand,38.0,42
2013,Canada,The former Yugoslav Republic of Macedonia,100.0,112
2013,Canada,Tibetan,58.0,58
2013,Canada,Togo,248.0,273
2013,Canada,Trinidad and Tobago,244.0,274
2013,Canada,Tunisia,202.0,281
2013,Canada,Turkey,3464.0,3809
2013,Canada,Turkmenistan,21.0,24
2013,Canada,Turks and Caicos Islands,,5
2013,Canada,Uganda,844.0,890
2013,Canada,Ukraine,1605.0,1848
2013,Canada,United Arab Emirates,28.0,41
2013,Canada,United Kingdom,69.0,79
2013,Canada,United Rep. of Tanzania,421.0,447
2013,Canada,United States of America,4451.0,4656
2013,Canada,Uruguay,126.0,133
2013,Canada,Uzbekistan,273.0,312
2013,Canada,Various/Unknown,70.0,130
2013,Canada,Venezuela (Bolivarian Republic of),837.0,942
2013,Canada,Viet Nam,132.0,155
2013,Canada,Yemen,251.0,294
2013,Canada,Zambia,60.0,65
2013,Canada,Zimbabwe,3969.0,4016
2014,Canada,Afghanistan,2704.0,2894
2014,Canada,Albania,1530.0,1610
2014,Canada,Algeria,346.0,399
2014,Canada,Angola,445.0,458
2014,Canada,Antigua and Barbuda,48.0,54
2014,Canada,Argentina,191.0,195
2014,Canada,Armenia,189.0,191
2014,Canada,Aruba,,0
2014,Canada,Australia,6.0,7
2014,Canada,Austria,,1
2014,Canada,Azerbaijan,455.0,459
2014,Canada,Bahamas,26.0,39
2014,Canada,Bahrain,10.0,12
2014,Canada,Bangladesh,1483.0,1647
2014,Canada,Barbados,82.0,91
2014,Canada,Belarus,227.0,230
2014,Canada,Belgium,16.0,16
2014,Canada,Belize,9.0,9
2014,Canada,Benin,50.0,61
2014,Canada,Bermuda,,0
2014,Canada,Bhutan,22.0,22
2014,Canada,Bolivia (Plurinational State of),126.0,130
2014,Canada,Bosnia and Herzegovina,83.0,91
2014,Canada,Botswana,218.0,218
2014,Canada,Brazil,172.0,179
2014,Canada,Bulgaria,668.0,676
2014,Canada,Burkina Faso,136.0,142
2014,Canada,Burundi,2114.0,2163
2014,Canada,Cambodia,162.0,170
2014,Canada,Cameroon,985.0,1067
2014,Canada,Central African Rep.,67.0,76
2014,Canada,Chad,474.0,517
2014,Canada,Chile,124.0,126
2014,Canada,China,13231.0,13911
2014,Canada,"China, Hong Kong SAR",20.0,21
2014,Canada,Colombia,16428.0,16702
2014,Canada,Comoros,4.0,4
2014,Canada,Congo,229.0,249
2014,Canada,Costa Rica,229.0,230
2014,Canada,Croatia,88.0,127
2014,Canada,Cuba,1618.0,1700
2014,Canada,Cyprus,1.0,1
2014,Canada,Czech Rep.,254.0,313
2014,Canada,Cote d'Ivoire,431.0,447
2014,Canada,Dem. People's Rep. of Korea,126.0,129
2014,Canada,Dem. Rep. of the Congo,3544.0,3724
2014,Canada,Denmark,6.0,6
2014,Canada,Djibouti,310.0,339
2014,Canada,Dominica,23.0,23
2014,Canada,Dominican Rep.,169.0,186
2014,Canada,Ecuador,208.0,221
2014,Canada,Egypt,684.0,781
2014,Canada,El Salvador,1301.0,1365
2014,Canada,Equatorial Guinea,11.0,14
2014,Canada,Eritrea,1750.0,1866
2014,Canada,Estonia,15.0,15
2014,Canada,Ethiopia,2155.0,2263
2014,Canada,Fiji,157.0,160
2014,Canada,Finland,2.0,2
2014,Canada,France,36.0,39
2014,Canada,Gabon,56.0,59
2014,Canada,Gambia,78.0,93
2014,Canada,Georgia,474.0,525
2014,Canada,Germany,87.0,90
2014,Canada,Ghana,352.0,402
2014,Canada,Greece,24.0,27
2014,Canada,Grenada,294.0,299
2014,Canada,Guadeloupe,,0
2014,Canada,Guatemala,907.0,941
2014,Canada,Guinea,700.0,732
2014,Canada,Guinea-Bissau,18.0,21
2014,Canada,Guyana,563.0,567
2014,Canada,Haiti,8422.0,8627
2014,Canada,Honduras,808.0,882
2014,Canada,Hungary,828.0,1075
2014,Canada,Iceland,,0
2014,Canada,India,4292.0,4479
2014,Canada,Indonesia,336.0,339
2014,Canada,Iran (Islamic Rep. of),2834.0,2920
2014,Canada,Iraq,1643.0,1976
2014,Canada,Ireland,7.0,13
2014,Canada,Israel,628.0,646
2014,Canada,Italy,16.0,38
2014,Canada,Jamaica,733.0,811
2014,Canada,Japan,23.0,26
2014,Canada,Jordan,402.0,438
2014,Canada,Kazakhstan,135.0,139
2014,Canada,Kenya,937.0,958
2014,Canada,Kiribati,3.0,3
2014,Canada,Kuwait,38.0,40
2014,Canada,Kyrgyzstan,96.0,105
2014,Canada,Lao People's Dem. Rep.,3.0,3
2014,Canada,Latvia,68.0,68
2014,Canada,Lebanon,1024.0,1090
2014,Canada,Lesotho,6.0,6
2014,Canada,Liberia,153.0,159
2014,Canada,Libya,243.0,333
2014,Canada,Lithuania,91.0,91
2014,Canada,Luxembourg,,0
2014,Canada,Madagascar,16.0,20
2014,Canada,Malawi,31.0,32
2014,Canada,Malaysia,149.0,150
2014,Canada,Maldives,1.0,1
2014,Canada,Mali,73.0,103
2014,Canada,Malta,2.0,2
2014,Canada,Mauritania,265.0,276
2014,Canada,Mauritius,4.0,5
2014,Canada,Mexico,6762.0,6778
2014,Canada,Mongolia,130.0,144
2014,Canada,Montenegro,19.0,20
2014,Canada,Morocco,168.0,186
2014,Canada,Mozambique,6.0,6
2014,Canada,Myanmar,264.0,268
2014,Canada,Namibia,207.0,208
2014,Canada,Nepal,1223.0,1243
2014,Canada,Netherlands,38.0,44
2014,Canada,New Zealand,1.0,1
2014,Canada,Nicaragua,141.0,141
2014,Canada,Niger,84.0,85
2014,Canada,Nigeria,4683.0,5045
2014,Canada,Norway,3.0,3
2014,Canada,Oman,14.0,14
2014,Canada,Pakistan,8613.0,8943
2014,Canada,Palestinian,634.0,676
2014,Canada,Panama,40.0,46
2014,Canada,Papua New Guinea,,0
2014,Canada,Paraguay,43.0,43
2014,Canada,Peru,1505.0,1511
2014,Canada,Philippines,301.0,311
2014,Canada,Poland,259.0,269
2014,Canada,Portugal,10.0,10
2014,Canada,Qatar,8.0,9
2014,Canada,Rep. of Korea,239.0,243
2014,Canada,Rep. of Moldova,195.0,196
2014,Canada,Romania,460.0,472
2014,Canada,Russian Federation,1315.0,1355
2014,Canada,Rwanda,1647.0,1677
2014,Canada,R?ion,,0
2014,Canada,Saint Kitts and Nevis,15.0,22
2014,Canada,Saint Lucia,906.0,922
2014,Canada,Saint Vincent and the Grenadines,1723.0,1756
2014,Canada,Saint-Pierre-et-Miquelon,,0
2014,Canada,San Marino,1.0,1
2014,Canada,Saudi Arabia,119.0,129
2014,Canada,Senegal,216.0,243
2014,Canada,Serbia and Kosovo (S/RES/1244 (1999)),429.0,470
2014,Canada,Seychelles,10.0,10
2014,Canada,Sierra Leone,158.0,159
2014,Canada,Singapore,29.0,30
2014,Canada,Slovakia,39.0,335
2014,Canada,Slovenia,9.0,9
2014,Canada,Solomon Islands,39.0,39
2014,Canada,Somalia,2821.0,3025
2014,Canada,South Africa,51.0,64
2014,Canada,South Sudan,,2
2014,Canada,Spain,22.0,28
2014,Canada,Sri Lanka,10745.0,10871
2014,Canada,Stateless,1583.0,1666
2014,Canada,Sudan,671.0,717
2014,Canada,Suriname,8.0,8
2014,Canada,Swaziland,101.0,101
2014,Canada,Sweden,4.0,5
2014,Canada,Switzerland,11.0,11
2014,Canada,Syrian Arab Rep.,705.0,889
2014,Canada,Tajikistan,59.0,59
2014,Canada,Thailand,36.0,39
2014,Canada,The former Yugoslav Republic of Macedonia,100.0,100
2014,Canada,Tibetan,58.0,58
2014,Canada,Togo,224.0,236
2014,Canada,Trinidad and Tobago,264.0,281
2014,Canada,Tunisia,199.0,227
2014,Canada,Turkey,2863.0,2974
2014,Canada,Turkmenistan,22.0,22
2014,Canada,Turks and Caicos Islands,,0
2014,Canada,Uganda,804.0,831
2014,Canada,Ukraine,1468.0,1626
2014,Canada,United Arab Emirates,31.0,34
2014,Canada,United Kingdom,63.0,63
2014,Canada,United Rep. of Tanzania,320.0,327
2014,Canada,United States of America,4687.0,4747
2014,Canada,Uruguay,106.0,107
2014,Canada,Uzbekistan,271.0,281
2014,Canada,Various/Unknown,59.0,9842
2014,Canada,Venezuela (Bolivarian Republic of),849.0,941
2014,Canada,Viet Nam,126.0,129
2014,Canada,Yemen,239.0,271
2014,Canada,Zambia,60.0,60
2014,Canada,Zimbabwe,2767.0,2802
2015,Canada,Afghanistan,2890.0,3258
2015,Canada,Albania,1243.0,1378
2015,Canada,Algeria,355.0,400
2015,Canada,Angola,226.0,235
2015,Canada,Antigua and Barbuda,51.0,58
2015,Canada,Argentina,85.0,91
2015,Canada,Armenia,180.0,183
2015,Canada,Australia,6.0,6
2015,Canada,Austria,,1
2015,Canada,Azerbaijan,291.0,311
2015,Canada,Bahamas,31.0,78
2015,Canada,Bahrain,15.0,22
2015,Canada,Bangladesh,1112.0,1316
2015,Canada,Barbados,95.0,111
2015,Canada,Belarus,182.0,185
2015,Canada,Belgium,16.0,28
2015,Canada,Belize,10.0,11
2015,Canada,Benin,46.0,54
2015,Canada,Bhutan,22.0,23
2015,Canada,Bolivia (Plurinational State of),105.0,109
2015,Canada,Bosnia and Herzegovina,64.0,64
2015,Canada,Botswana,284.0,284
2015,Canada,Brazil,124.0,154
2015,Canada,Bulgaria,432.0,436
2015,Canada,Burkina Faso,124.0,135
2015,Canada,Burundi,2074.0,2260
2015,Canada,Cambodia,153.0,155
2015,Canada,Cameroon,1103.0,1229
2015,Canada,Central African Rep.,53.0,59
2015,Canada,Chad,415.0,482
2015,Canada,Chile,102.0,120
2015,Canada,China,11415.0,12483
2015,Canada,"China, Hong Kong SAR",28.0,32
2015,Canada,Colombia,13666.0,14123
2015,Canada,Comoros,3.0,3
2015,Canada,Congo,201.0,261
2015,Canada,Costa Rica,190.0,192
2015,Canada,Croatia,96.0,116
2015,Canada,Cuba,1512.0,1558
2015,Canada,Cyprus,,2
2015,Canada,Czech Rep.,259.0,344
2015,Canada,Cote d'Ivoire,398.0,420
2015,Canada,Dem. People's Rep. of Korea,126.0,128
2015,Canada,Dem. Rep. of the Congo,3316.0,3535
2015,Canada,Denmark,6.0,6
2015,Canada,Djibouti,350.0,396
2015,Canada,Dominica,18.0,18
2015,Canada,Dominican Rep.,172.0,187
2015,Canada,Ecuador,176.0,180
2015,Canada,Egypt,752.0,851
2015,Canada,El Salvador,1403.0,1510
2015,Canada,Equatorial Guinea,8.0,8
2015,Canada,Eritrea,1811.0,1960
2015,Canada,Estonia,10.0,10
2015,Canada,Ethiopia,2047.0,2253
2015,Canada,Fiji,127.0,127
2015,Canada,Finland,3.0,4
2015,Canada,France,42.0,51
2015,Canada,Gabon,47.0,49
2015,Canada,Gambia,82.0,99
2015,Canada,Georgia,449.0,546
2015,Canada,Germany,81.0,82
2015,Canada,Ghana,301.0,380
2015,Canada,Greece,24.0,33
2015,Canada,Grenada,239.0,244
2015,Canada,Guatemala,935.0,972
2015,Canada,Guinea,648.0,680
2015,Canada,Guinea-Bissau,15.0,21
2015,Canada,Guyana,391.0,422
2015,Canada,Haiti,8807.0,9012
2015,Canada,Honduras,889.0,969
2015,Canada,Hungary,973.0,1570
2015,Canada,India,3712.0,4050
2015,Canada,Indonesia,308.0,321
2015,Canada,Iran (Islamic Rep. of),2639.0,2746
2015,Canada,Iraq,1892.0,2267
2015,Canada,Ireland,4.0,10
2015,Canada,Israel,494.0,513
2015,Canada,Italy,18.0,60
2015,Canada,Jamaica,813.0,933
2015,Canada,Japan,23.0,27
2015,Canada,Jordan,383.0,447
2015,Canada,Kazakhstan,114.0,127
2015,Canada,Kenya,815.0,857
2015,Canada,Kiribati,2.0,2
2015,Canada,Kuwait,38.0,41
2015,Canada,Kyrgyzstan,82.0,102
2015,Canada,Lao People's Dem. Rep.,5.0,5
2015,Canada,Latvia,62.0,62
2015,Canada,Lebanon,867.0,993
2015,Canada,Lesotho,6.0,6
2015,Canada,Liberia,139.0,144
2015,Canada,Libya,230.0,485
2015,Canada,Lithuania,62.0,62
2015,Canada,Madagascar,16.0,18
2015,Canada,Malawi,29.0,31
2015,Canada,Malaysia,91.0,93
2015,Canada,Maldives,1.0,1
2015,Canada,Mali,74.0,158
2015,Canada,Mauritania,248.0,281
2015,Canada,Mauritius,3.0,8
2015,Canada,Mexico,6414.0,6471
2015,Canada,Mongolia,131.0,149
2015,Canada,Montenegro,21.0,24
2015,Canada,Morocco,167.0,192
2015,Canada,Mozambique,6.0,7
2015,Canada,Myanmar,223.0,226
2015,Canada,Namibia,282.0,283
2015,Canada,Nepal,1304.0,1379
2015,Canada,Netherlands,44.0,46
2015,Canada,New Zealand,1.0,1
2015,Canada,Nicaragua,142.0,146
2015,Canada,Niger,85.0,89
2015,Canada,Nigeria,4502.0,5125
2015,Canada,Norway,2.0,6
2015,Canada,Oman,13.0,13
2015,Canada,Pakistan,7207.0,7753
2015,Canada,Palestinian,534.0,630
2015,Canada,Panama,39.0,46
2015,Canada,Paraguay,42.0,42
2015,Canada,Peru,1080.0,1107
2015,Canada,Philippines,277.0,291
2015,Canada,Poland,175.0,190
2015,Canada,Portugal,9.0,17
2015,Canada,Qatar,6.0,6
2015,Canada,Rep. of Korea,174.0,186
2015,Canada,Rep. of Moldova,179.0,182
2015,Canada,Romania,334.0,338
2015,Canada,Russian Federation,1178.0,1245
2015,Canada,Rwanda,1620.0,1667
2015,Canada,Saint Kitts and Nevis,20.0,25
2015,Canada,Saint Lucia,992.0,1007
2015,Canada,Saint Vincent and the Grenadines,1778.0,1810
2015,Canada,San Marino,1.0,1
2015,Canada,Saudi Arabia,101.0,129
2015,Canada,Senegal,241.0,268
2015,Canada,Serbia and Kosovo (S/RES/1244 (1999)),398.0,435
2015,Canada,Seychelles,9.0,13
2015,Canada,Sierra Leone,121.0,129
2015,Canada,Singapore,27.0,32
2015,Canada,Slovakia,63.0,565
2015,Canada,Slovenia,9.0,9
2015,Canada,Solomon Islands,39.0,39
2015,Canada,Somalia,2531.0,2944
2015,Canada,South Africa,52.0,73
2015,Canada,South Sudan,,2
2015,Canada,Spain,25.0,33
2015,Canada,Sri Lanka,8807.0,8966
2015,Canada,Stateless,1503.0,1627
2015,Canada,Sudan,509.0,568
2015,Canada,Suriname,8.0,8
2015,Canada,Swaziland,134.0,134
2015,Canada,Sweden,3.0,6
2015,Canada,Switzerland,11.0,11
2015,Canada,Syrian Arab Rep.,1513.0,1748
2015,Canada,Tajikistan,53.0,58
2015,Canada,Thailand,33.0,42
2015,Canada,The former Yugoslav Republic of Macedonia,92.0,93
2015,Canada,Tibetan,58.0,58
2015,Canada,Togo,188.0,207
2015,Canada,Trinidad and Tobago,243.0,255
2015,Canada,Tunisia,199.0,225
2015,Canada,Turkey,1991.0,2239
2015,Canada,Turkmenistan,18.0,18
2015,Canada,Uganda,713.0,767
2015,Canada,Ukraine,1314.0,1550
2015,Canada,United Arab Emirates,29.0,32
2015,Canada,United Kingdom,60.0,60
2015,Canada,United Rep. of Tanzania,257.0,282
2015,Canada,United States of America,4573.0,4664
2015,Canada,Uruguay,73.0,74
2015,Canada,Uzbekistan,271.0,296
2015,Canada,Vanuatu,,1
2015,Canada,Various/Unknown,88.0,8494
2015,Canada,Venezuela (Bolivarian Republic of),729.0,902
2015,Canada,Viet Nam,114.0,118
2015,Canada,Yemen,215.0,296
2015,Canada,Zambia,48.0,50
2015,Canada,Zimbabwe,2368.0,2411
